-- MySQL dump 10.13  Distrib 5.7.21, for Linux (x86_64)
--
-- Host: localhost    Database: diploma
-- ------------------------------------------------------
-- Server version	5.7.21-0ubuntu0.16.04.1

/*!40101 SET @OLD_CHARACTER_SET_CLIENT=@@CHARACTER_SET_CLIENT */;
/*!40101 SET @OLD_CHARACTER_SET_RESULTS=@@CHARACTER_SET_RESULTS */;
/*!40101 SET @OLD_COLLATION_CONNECTION=@@COLLATION_CONNECTION */;
/*!40101 SET NAMES utf8 */;
/*!40103 SET @OLD_TIME_ZONE=@@TIME_ZONE */;
/*!40103 SET TIME_ZONE='+00:00' */;
/*!40014 SET @OLD_UNIQUE_CHECKS=@@UNIQUE_CHECKS, UNIQUE_CHECKS=0 */;
/*!40014 SET @OLD_FOREIGN_KEY_CHECKS=@@FOREIGN_KEY_CHECKS, FOREIGN_KEY_CHECKS=0 */;
/*!40101 SET @OLD_SQL_MODE=@@SQL_MODE, SQL_MODE='NO_AUTO_VALUE_ON_ZERO' */;
/*!40111 SET @OLD_SQL_NOTES=@@SQL_NOTES, SQL_NOTES=0 */;

--
-- Table structure for table `authors`
--

DROP TABLE IF EXISTS `authors`;
/*!40101 SET @saved_cs_client     = @@character_set_client */;
/*!40101 SET character_set_client = utf8 */;
CREATE TABLE `authors` (
  `id` int(11) NOT NULL AUTO_INCREMENT,
  `full_name` varchar(255) NOT NULL,
  `biography` text,
  PRIMARY KEY (`id`)
) ENGINE=InnoDB DEFAULT CHARSET=utf8;
/*!40101 SET character_set_client = @saved_cs_client */;

--
-- Dumping data for table `authors`
--

LOCK TABLES `authors` WRITE;
/*!40000 ALTER TABLE `authors` DISABLE KEYS */;
/*!40000 ALTER TABLE `authors` ENABLE KEYS */;
UNLOCK TABLES;

--
-- Table structure for table `books`
--

DROP TABLE IF EXISTS `books`;
/*!40101 SET @saved_cs_client     = @@character_set_client */;
/*!40101 SET character_set_client = utf8 */;
CREATE TABLE `books` (
  `id` int(11) NOT NULL AUTO_INCREMENT,
  `name` varchar(255) NOT NULL,
  `authors` varchar(255) NOT NULL,
  `publication_date` int(11) DEFAULT NULL,
  `cover` varchar(255) NOT NULL,
  `genres` varchar(255) NOT NULL,
  `isbn` varchar(255) NOT NULL,
  `rating` varchar(10) DEFAULT NULL,
  `description` text NOT NULL,
  `link` varchar(255) NOT NULL,
  `fromsite` varchar(45) NOT NULL,
  `reviews_count` int(11) NOT NULL,
  `quote_id` int(11) DEFAULT NULL,
  PRIMARY KEY (`id`),
  UNIQUE KEY `isbn` (`isbn`)
) ENGINE=InnoDB AUTO_INCREMENT=48 DEFAULT CHARSET=utf8;
/*!40101 SET character_set_client = @saved_cs_client */;

--
-- Dumping data for table `books`
--

LOCK TABLES `books` WRITE;
/*!40000 ALTER TABLE `books` DISABLE KEYS */;
INSERT INTO `books` VALUES (1,'Женщина в окне','А. Дж. Финн',NULL,'https://j.livelib.ru/boocover/1002730403/200/52e9/A._Dzh._Finn__Zhenschina_v_okne.jpg','Детективы, Зарубежные детективы','978-5-389-13265-8','3.70','Анна Фокс детский психолог, год назад пережившая страшную трагедию. Теперь она стала заложницей в своем собственном доме. Анна страдает агорафобией и уже много месяцев не выходит на улицу. Родные оставили ее, хотя Анна регулярно разговаривает с ними по телефону. Свои дни она коротает за бокалом вина, просмотром старых фильмов, общением в интернет-форумах… и слежкой за соседями. \r\nОднажды в доме, расположенном через сквер, появляются новые жильцы: отец, мать, сын-подросток. Благополучная, просто идеальная семья. Но как-то раз Анна, наставив в окно объектив камеры, видит шокирующее преступление. Или ей все показалось? Никто не воспринимает ее всерьез, полиция не верит ее словам — под грузом открывающихся тайн и секретов мир Анны начинает рушиться... Где правда, а где вымысел? Ей самой предстоит докопаться до истины.','https://livelib.ru/book/1002730403-zhenschina-v-okne-a-dzh-finn','livelib',10,NULL),(2,'Один из нас лжет','Карен М. Макманус',NULL,'https://j.livelib.ru/boocover/1002730319/200/0fed/Karen_M._Makmanus__Odin_iz_nas_lzhet.jpg','Зарубежные детективы','978-5-17-103778-9','4.13','Строгий учитель в наказание оставил пятерых старшеклассников в классе после уроков, но только четверо вышли оттуда живыми. Пятый, Саймон, — школьный изгой, жестоко мстивший своим обидчикам в Интернете, раскрывая их самые неприглядные секреты, — был найден мертвым. Полиция не сомневается в том, что это убийство. Под подозрение попадают все, ведь у каждого есть что скрывать. Но кто из четверых юношей и девушек — убийца? Бронвин — круглая отличница, поступающая в \"Лигу плюща\"? Эдди — первая красавица школы, блондинка из рекламы шампуня? Нейт — юный преступник, находящийся на испытательном сроке? Купер — восходящая звезда бейсбола с лицом и фигурой Капитана Америки, кумир девушек? У каждого из них были свои причины избавиться от Саймона. Но кто же пошел на преступление?','https://livelib.ru/book/1002730319-odin-iz-nas-lzhet-karen-m-makmanus','livelib',4,NULL),(3,'Галапагосы','Курт Воннегут',NULL,'https://j.livelib.ru/boocover/1002734514/200/032d/Kurt_Vonnegut__Galapagosy.jpg','Зарубежная классика','978-5-17-105969-9','3.98','\"Галапагосы\" – роман, в котором Воннегут со свойственной ему тонкой сверкающей иронией продолжает истории многих героев и антигероев своей ранней прозы – и делает это со зрелой мудростью настоящего мастера. Небольшой островок Галапагосского архипелага стал пристанищем для людей, чудом уцелевших после всемирной катастрофы. Выжили лишь немногие – и как назло, не самые лучшие представители человечества...','https://livelib.ru/book/1002734514-galapagosy-kurt-vonnegut','livelib',30,NULL),(4,'Пустой стул','Джеффри Дивер',NULL,'https://i.livelib.ru/boocover/1002730406/200/8104/Dzheffri_Diver__Pustoj_stul.jpg','Зарубежные детективы','978-5-389-14036-3','4.30','В окрестностях захолустного городка в течение суток убивают школьника и одну за другой похищают двух девушек. Шериф округа обращается за помощью к гениальному криминалисту Линкольну Райму, который прикован к инвалидному креслу. Под подозрением находится психически неуравновешенный шестнадцатилетний подросток. Райм соглашается помочь следствию и вместе со своей неизменной помощницей Амелией Сакс быстро находит предполагаемого преступника. Однако мальчишка уверяет, что никого не убивал и похитил девушек, чтобы спасти от смертельной опасности. По мере расследования криминалисты убеждаются, что этот тихий маленький городок — настоящее осиное гнездо...','https://livelib.ru/book/1002730406-pustoj-stul-dzheffri-diver','livelib',20,NULL),(5,'Витязь в тигровой шкуре','Шота Руставели',NULL,'https://j.livelib.ru/boocover/1002753043/200/205d/Shota_Rustaveli__Vityaz_v_tigrovoj_shkure.jpg','Классическая литература, Зарубежная классика, Поэзия и драматургия, Зарубежная поэзия','978-5-389-14161-2','4.17','Шота Руставели – величайший грузинский поэт, живший на рубеже XII–XIII вв., во времена царицы Тамары, автор эпической поэмы «Витязь в тигровой шкуре». Это единственное произведение Руставели, дошедшее до наших дней. Поэма переведена на десятки языков, причем только на русском языке существует пять полных ее переводов, лучшим из которых признан перевод Н. А. Заболоцкого, представленный в настоящем издании. «Руставели не нуждается в наших восхвалениях, – пишет Заболоцкий, – так как время и люди сделали его книгу бессмертной. Не нуждается он и в извинениях в тех случаях, когда моральные особенности его героев расходятся с нашими собственными идеалами. Но Руставели нуждается в объяснении и толковании. Нужно, чтобы русский читатель, не знакомый с особенностями грузинской истории и культуры, воспринял поэму Руставели во всей возможной ее полноте». И заслуги самого Заболоцкого в этом отношении трудно переоценить.','https://livelib.ru/book/1002753043-vityaz-v-tigrovoj-shkure-shota-rustaveli','livelib',26,NULL),(6,'Охота на Джека-потрошителя','Керри Манискалко',NULL,'https://i.livelib.ru/boocover/1002751217/200/3895/Kerri_Maniskalko__Ohota_na_Dzhekapotroshitelya.jpg','Зарубежные детективы, Исторические детективы, Книги для подростков','978-5-17-982482-4','4.18','Англия. Конец XIX века.\r\nСемнадцатилетняя Одри Роуз Уодсворт – дочь одного из влиятельных британских лордов. Но вместо модных платьев и будущего, без сомнения, блестящего брака, ее мысли занимают судебная медицина, анатомия и прочие, неподобающие для юной аристократки занятия.\r\nЭто \"хобби\" так и осталось бы секретом, в который были посвящены лишь ее дядя, врач-хирург Джонатан Уодсворт, и его блестящий ученик Томас Кресуэлл, если бы в Лондоне не появился самый страшный серийный убийца – Джек Потрошитель.\r\nОдри Роуз решительно присоединяется к расследованию, но вскоре начинает подозревать, что маньяк скрывается под маской одного из близких ей людей. Но кто же этот безумец?','https://livelib.ru/book/1002751217-ohota-na-dzhekapotroshitelya-kerri-maniskalko','livelib',6,NULL),(7,'Природа зверя','Луиза Пенни',NULL,'https://i.livelib.ru/boocover/1002717939/200/35b5/Luiza_Penni__Priroda_zverya.jpg','Зарубежные детективы, Детективы','978-5-389-11468-5','4.43','Роман «Природа зверя» продолжает серию расследований старшего инспектора Армана Гамаша. Этот обаятельный персонаж создан пером Луизы Пенни, единственного в мире пятикратного лауреата премии Агаты Кристи.\r\nНе проходит и дня, чтобы девятилетний Лоран Лепаж не сочинил какую-нибудь фантастическую историю — о вторжении марсиан, громадной пушке, крылатых монстрах, увиденных им в лесу. Конечно, никто из жителей деревушки Три Сосны не воспринимает всерьез его болтовню, в том числе бывший старший инспектор полиции Арман Гамаш, поселившийся здесь после выхода в отставку. Но мальчик исчезает, и вскоре поисковая группа глубоко в лесу натыкается на загадочную находку, доказывающую, что монстр все-таки побывал в здешних местах. Люди начинают подозревать, что далеко не все из рассказов Лорана чистая выдумка. Арман Гамаш понимает: возможно, он сам, не поверив мальчику, повлиял на роковой ход событий.\r\nВпервые на русском языке!','https://livelib.ru/book/1002717939-priroda-zverya-luiza-penni','livelib',6,NULL),(8,'Остров Камино','Джон Гришэм',NULL,'https://i.livelib.ru/boocover/1002506043/200/5c2e/Dzhon_Grishem__Ostrov_Kamino.jpg','Зарубежные детективы','978-5-17-982582-1','4.17','Ограблена библиотека Принстонского университета! Похищены бесценные рукописи Фрэнсиса Скотта Фицджеральда… \r\nПолиция и ФБР – в тупике. И тогда нанятое страховой компанией частное детективное агентство, специализирующееся на розыске краденых предметов искусства, начинает собственную охоту на похитителей. \r\nСлед исчезнувших рукописей тянется на курортный островок Камино у побережья Флориды, где живет знаменитый антиквар и библиофил Брюс Кэйбл и компания его друзей-писателей. Туда-то детективы и подсылают своего «крота» – начинающую писательницу Мерсер Манн. \r\nНо удастся ли ей, никогда прежде не участвовавшей в расследованиях, вычислить таинственного преступника?','https://livelib.ru/book/1002506043-ostrov-kamino-dzhon-grishem','livelib',2,NULL),(9,'Полночь в саду добра и зла','Джон Берендт',NULL,'https://j.livelib.ru/boocover/1002744679/200/1ddb/Dzhon_Berendt__Polnoch_v_sadu_dobra_i_zla.jpg','Триллеры, Зарубежные детективы','978-5-17-982400-8','3.97','В старинном особняке Саванны туманным утром 2 мая 1981 года прогремели выстрелы — убит Дэнни Хэнсфорд, молодой человек с сомнительной репутацией. Под подозрением оказывается хозяин дома…\r\nТак начинается расследование, длившееся десять лет. Именно столько времени потребовалось, чтобы узнать, что же все-таки тогда произошло — убийство или акт самозащиты.\r\nОднако главное в романе вовсе не детективная составляющая, а сам городок Саванна с его обитателями: светскими дамами из Карточного клуба замужних женщин; затворником, чья бутыль с ядом способна убить всех жителей города; пожилым человеком, выгуливающим каждый день несуществующую собаку; королевой красоты леди Шабли, выступающей в весьма экстравагантном шоу; жрицей вуду, проводящей ритуал ночью на кладбище…\r\nСамое интересное, что эта история и все ее персонажи — не вымысел. Джон Берендт, основываясь на реальных событиях, сумел создать роман, завоевавший сердца миллионов читателей.','https://livelib.ru/book/1002744679-polnoch-v-sadu-dobra-i-zla-dzhon-berendt','livelib',7,NULL),(10,'Третий близнец','Кен Фоллетт',NULL,'https://j.livelib.ru/boocover/1002731702/200/f3b0/Ken_Follett__Tretij_bliznets.jpg','Зарубежные детективы','978-5-17-106925-4','3.75','Запрещенные эксперименты над людьми тайно проводятся в \"политически корректной\" Америке по заказу очень могущественных людей. Это кажется бредом. Однако генетик Джинни Феррами, случайно получившая доступ к секретным файлам ФБР, уверена – это правда! Она начинает собственное расследование. Она идет все дальше – и узнает все больше. Сначала ей просто пытались заткнуть рот. Теперь ее пытаются уничтожить!…','https://livelib.ru/book/1002731702-tretij-bliznets-ken-follett','livelib',8,NULL),(11,'Алиенист','Калеб Карр',NULL,'http://i.livelib.ru/boocover/1002749691/200/4cd1/Kaleb_Karr__Alienist.jpg','Триллеры, Зарубежные детективы','978-5-17-107377-0','4.03','1896 год. Улицы Нью-Йорка превратились в \"охотничьи угодья\" изощренного убийцы, избравшего своими жертвами несовершеннолетних мальчишек.\r\nЧтобы избежать открытого скандала, будущий президент США, а ныне комиссар полиции Нью-Йорка Теодор Рузвельт поручает неофициальное расследование Ласло Крайцлеру, алиенисту, человеку, занимающемуся изучением психических патологий. Вместе со своей командой Крайцлер выследит убийцу. Но пока тот на свободе, он будет убивать снова и снова...','https://livelib.ru/book/1002749691-alienist-kaleb-karr','livelib',39,NULL),(12,'Вызовите акушерку. Тени Ист-Энда','Дженнифер Уорф',NULL,'https://i.livelib.ru/boocover/1002699839/200/54e0/Dzhennifer_Uorf__Vyzovite_akusherku._Teni_IstEnda.jpg','Современная проза, Современная зарубежная литература','978-5-9909713-1-8','4.49','«Тени Ист-Энда» - продолжение бестселлера Дженнифер Уорф «Вызовите акушерку». С начала 1950-х и до середины 1970-х годов Дженнифер работала акушеркой в бедном лондонском районе Ист-Энд. В городе, покрытом шрамами недавней войны — полуразрушенными домами, пустырями и перекрытыми улицами — она узнала истории тех, кто помнил ещё более суровые времена. Нищета и голод вынуждали людей искать приюта в работных домах, попасть в которые было настоящей трагедией. Разлучённые семьи, изнурительный труд и жестокие наказания за провинности были их повседневной реальностью. Официально закрытые в 1930 году, работные дома просуществовали вплоть до середины XX века: там оставались тысячи людей, и всем им некуда было пойти.','https://livelib.ru/book/1002699839-vyzovite-akusherku-teni-istenda-dzhennifer-uorf','livelib',14,NULL),(13,'Люди среди деревьев','Ханья Янагихара',NULL,'https://j.livelib.ru/boocover/1002566921/200/5e17/Hanya_Yanagihara__Lyudi_sredi_derevev.jpg','Современная проза, Современная зарубежная литература','978-5-17-102325-6','4.00','71-летнего доктора Абрахама Нортона Перина, ученого-иммунолога с мировым именем, лауреата Нобелевской премии, суд приговаривает к тюремному заключению по обвинению в изнасиловании несовершеннолетнего. Газеты пестрят громкими заголовками. Многие не верят в виновность прославленного доктора. Читатель погружается в воспоминания Перины. Детство, студенческие годы, научные эксперименты и первые открытия. А затем – жизнь среди аборигенов на одном из самых далеких и загадочных микронезийских островов. Племя, которое изучает Перина, обладает секретом долголетия, а возможно, и вечной жизни. Перед человечеством открываются фантастические горизонты, правда, они далеко не безоблачны, ведь в игре с такими ставками фармакологические компании пойдут буквально на всё. Да и готова ли наша цивилизация к такому подарку?','https://livelib.ru/book/1002566921-lyudi-sredi-derevev-hanya-yanagihara','livelib',2,NULL),(14,'Под алыми небесами','Марк Салливан',NULL,'https://i.livelib.ru/boocover/1002730381/200/1a26/Mark_Sallivan__Pod_alymi_nebesami.jpg','Современная проза, Современная зарубежная литература','978-5-389-13828-5','4.47','Пино Лелла, молодой итальянец, как и всякий человек в его возрасте, любит музыку, девушек и себя. И все бы шло по нормальным законам жизни, когда бы в мир не вторглась война. Дом в Милане, где Пино живет с родителями, превращается в развалины при бомбежке. Юноша связывается с подпольщиками. Помогая еврейским семьям бежать от свастики через Альпы, Пино встречает Анну, свою любовь. Но неисповедимы пути войны — чтобы уберечься от смерти, юноша вступает в германскую армию, и судьба сажает его за руль личного авто Ганса Лейерса, одного из самых влиятельных и таинственных военачальников Третьего рейха, человека, которому покровительствует сам рейхсканцлер Германии Адольф Гитлер. С этой поры Пино живет между двумя полюсами — любовью к Анне и ненавистью к бездушной силе, чье имя фашизм. \r\nРоман М. Салливана «Под алыми небесами» уже полгода держится на верхних строчках списка «Топ-100» интернет-магазина «Амазон», собрал двенадцать с половиной тысяч отзывов, восемьдесят процентов читателей, оставивших отзывы на роман, дали ему высшую оценку в пять звезд — случай для книги уникальный. \r\nКомпания «Паскаль пикчерс» приобрела права на экранизацию романа. Главную роль в фильме сыграет актер Том Холланд, прославившийся после роли Человека-Паука в знаменитом фильме.','https://livelib.ru/book/1002730381-pod-alymi-nebesami-mark-sallivan','livelib',3,NULL),(15,'Пропавший без вести','Люси Кларк',NULL,'https://i.livelib.ru/boocover/1002706833/200/8bbd/Lyusi_Klark__Propavshij_bez_vesti.jpg','Современная зарубежная литература, Триллеры','978-5-17-982633-0','3.56','Джейкоб и Марли — лучшие друзья, каждое лето проводившие вместе на тихой отмели. Но однажды мальчики попадают в беду, и из моря возвращается только один из них — Джейкоб. \r\nТеперь, на седьмую годовщину этого страшного события, бесследно исчезает уже сам Джейкоб. \r\nПолиция ведет поиски. На свет извлекаются старые тайны, ревностно оберегавшиеся местными жителями. \r\nМать Джейкоба, Сара, уверена: доверять нельзя никому. Ведь кто-то на отмели знает о том, что в действительности произошло с ее сыном. И сделает все, чтобы сохранить это в тайне…','https://livelib.ru/book/1002706833-propavshij-bez-vesti-lyusi-klark','livelib',2,NULL),(16,'Марина','Карлос Руис Сафон',NULL,'https://j.livelib.ru/boocover/1002723124/200/99f9/Karlos_Ruis_Safon__Marina.jpg','Современная зарубежная литература, Ужасы, мистика, Зарубежная фантастика','978-5-17-100058-5','4.31','\"Марина\" – самый любимый, по собственному признанию Сафона, его роман. Испания. Барселона. Весна. Один из дежурных на Французском вокзале узнает в толпе юношу, объявленного в розыск. Целую неделю его искали знакомые, друзья, преподаватели школы-интерната. Полиция сбилась с ног. Где он был все это время? Как провел эти дни? \"У каждого из нас есть секрет, тщательно запертый на все замки в самом тёмном углу на чердаке души\", – так Оскар начинает свой рассказ о той странной волшебной ночи, когда судьба подарила ему встречу с Мариной.','https://livelib.ru/book/1002723124-marina-karlos-ruis-safon','livelib',361,NULL),(17,'Убить пересмешника','Харпер Ли',NULL,'https://i.livelib.ru/boocover/1002723093/200/5fc4/Harper_Li__Ubit_peresmeshnika.jpg','Зарубежная классика','978-5-17-090411-2','4.57','История маленького сонного городка на юге Америки, поведанная маленькой девочкой. История ее брата Джима, друга Дилла и ее отца – честного, принципиального адвоката Аттикуса Финча, одного из последних и лучших представителей старой \"южной аристократии\". История судебного процесса по делу чернокожего парня, обвиненного в насилии над белой девушкой. Но прежде всего – история переломной эпохи, когда ксенофобия, расизм, нетерпимость и ханжество, присущие американскому югу, постепенно уходят в прошлое. \"Ветер перемен\" только-только повеял над Америкой. Что он принесет?..','https://livelib.ru/book/1002723093-ubit-peresmeshnika-harper-li','livelib',1289,NULL),(18,'Город и звезды','Артур Кларк',NULL,'https://i.livelib.ru/boocover/1002698860/200/79c6/Artur_Klark__Gorod_i_zvezdy.jpg','Зарубежная классика, Зарубежная фантастика, Боевая фантастика','978-5-17-105787-9','4.23','Диаспар – город будущего, жители которого защищены от суровых пустынь умирающей Земли, счастливы и благополучны. Они бессмертны – и потому не задумываются ни о прошлом, ни о будущем. Лиз – долина, также надежно защищенная от ядовитых щупалец пустынь высокими горами, стала домом для совсем других людей. В отличие от диаспарцев они смертны, и не утратили человеческих чувств – взаимовыручки, любви, единения с природой, – однако нередко относятся к чужакам с недоверием, будучи телепатами. И юноша Олвин, которому предстоит объединить две столь непохожие культуры…','https://livelib.ru/book/1002698860-gorod-i-zvezdy-artur-klark','livelib',21,NULL),(19,'Лавка древностей','Чарльз Диккенс',NULL,'https://i.livelib.ru/boocover/1002723610/200/5c66/Charlz_Dikkens__Lavka_drevnostej.jpg','Зарубежные детские книги, Зарубежная классика, Классическая проза, Детская проза','978-5-04-090825-7','4.08','Переплетение реалистического повествования и сказки с элементами готики, \"причудливыми\", \"странными и гротескными\" персонажами, мрачными тайнами. В романе о Нелл, маленькой девочке \"бесконечно милого нрава\", ее деде, выжившем из ума картежнике-мечтателе, и преследующем их жестоком карлике ростовщике Квилпе – вечная тема противостояния добра и зла. Один из самых трогательных романов Ч. Диккенса.','https://livelib.ru/book/1002723610-lavka-drevnostej-charlz-dikkens','livelib',141,NULL),(20,'Грозовой перевал','Эмили Бронте',NULL,'https://i.livelib.ru/boocover/1002723611/200/666c/Emili_Bronte__Grozovoj_pereval.jpg','Зарубежная классика','978-5-04-090654-3','4.15','﻿Единственный роман Эмили Бронте, который был признан во всем мире как главная романтическая книга всех времен. Но это не история любви Ромео и Джульетты в Йоркширских топях, это история мести. Хитклифф — главный герой романа — одержим Кэтрин, он озлоблен и мстителен, месть его распространяется не только на тех, кто, как он считает, разрушил его жизнь, но и на их детей. \"Грозовой перевал\" — золотая классика мировой литературы, роман мощный, страстный, трагичный, перевернувший в свое время представление о романтической прозе.','https://livelib.ru/book/1002723611-grozovoj-pereval-emili-bronte','livelib',1010,NULL),(21,'Приключения Оливера Твиста','Чарльз Диккенс',NULL,'https://j.livelib.ru/boocover/1002729912/200/be7b/Charlz_Dikkens__Priklyucheniya_Olivera_Tvista.jpg','Детские приключения, Зарубежная классика, Классическая проза, Детская проза, Зарубежные детские книги, Книги о приключениях','978-5-4444-5820-4','4.13','Этот роман Чарльза Диккенса (1812—1870) полюбился читателям по многим причинам. Автор сумел показать жизнь всего английского общества, изобразив художественный срез от мрачных трущоб до роскошных особняков Лондона. Как не сочувствовать ангелоподобному мальчику-сироте, которому зло органически претит? А зла в обличье уродливых злодеев здесь предостаточно.\r\nРоман неоднократно был экранизирован, а на Бродвее и в Лондоне с огромным успехом шли мюзиклы по этому произведению.','https://livelib.ru/book/1002729912-priklyucheniya-olivera-tvista-charlz-dikkens','livelib',153,NULL),(22,'Финансист','Теодор Драйзер',NULL,'https://j.livelib.ru/boocover/1002734515/200/da84/Teodor_Drajzer__Finansist.jpg','Классическая проза, Литература 20 века, Зарубежная классика','978-5-17-106459-4','4.38','\"Финансист\" – первая книга знаменитой \"Трилогии желания\" Теодора Драйзера, в основе сюжета которой биография американского железнодорожного магната Чарлза Йеркса. Главный герой, Фрэнк Каупервуд, разбогател всего за несколько дней. Во многом благодаря своей удивительной интуиции. Поначалу перед нами обычный паренек из маленького провинциального городка. Но шаг за шагом Драйзер показывает, как окружающая среда формирует у Фрэнка психологию коммерсанта и биржевого игрока. Он попадает в мир роскоши и больших денег, оказывается в круговороте крупнейших финансовых операций, вращается в обществе лучших дельцов своего времени. Постепенно амбициозный юноша превращается в беспринципного, властного и жаждущего наживы миллионера.','https://livelib.ru/book/1002734515-finansist-teodor-drajzer','livelib',224,NULL),(23,'Крестоносцы','Генрик Сенкевич',NULL,'https://j.livelib.ru/boocover/1002751684/200/84e2/Genrik_Senkevich__Krestonostsy.jpg','Зарубежная классика, Классическая проза, Исторические приключения, Зарубежная литература','978-5-389-14229-9','4.43','Классик польской литературы, почетный академик Петербургской академии наук, Генрик Сенкевич был блистательным историческим романистом. Подобно Гюго, Дюма, Толстому, он сумел описать великие события минувших эпох, уделив внимание и личности человека – творца этих событий. В 1905 году Сенкевичу была присуждена Нобелевская премия по литературе с формулировкой \"За выдающиеся заслуги в области эпоса\".\r\nОдним из лучших произведений писателя, итогом его многолетнего труда стал роман «Крестоносцы» о жестоком противостоянии поляков и крестоносцев и романтической любви юной польской красавицы и ее отважного рыцаря. Книга проиллюстрирована рисунками известного чешского художника Венцеслава Черны (1865-1936). Замечательные иллюстрации, отражающие разноплановый, богатый подробностями мир «Крестоносцев», публикуются в России впервые.','https://livelib.ru/book/1002751684-krestonostsy-genrik-senkevich','livelib',37,NULL),(24,'Порою блажь великая','Кен Кизи',NULL,'https://i.livelib.ru/boocover/1002753975/200/144b/Ken_Kizi__Poroyu_blazh_velikaya.jpg','Литература 20 века, Зарубежная классика','978-5-389-14085-1','4.43','«Веселый проказник» и глашатай новой реальности, Кен Кизи прославился первым своим романом «Над кукушкиным гнездом». Второй роман культового писателя явился не меньшим событием в мировой литературе; да что там не меньшим — грандиозным. В орегонских лесах, на берегу великой реки разворачиваются события, накал которых сравним разве что с древнегреческой трагедией, а герои вырастают до всесильных гигантов. Они живут по собственным законам, и нет такой силы, которая способна их сломить. Эта история любви, непомерно тяжкой работы и борьбы со стихией оборачивается величайшей притчей современности.\r\nПо роману был поставлен одноименный фильм с Полом Ньюменом и Генри Фондой в главных ролях, номинировавшийся на две премии «Оскар»; сам же Ньюмен выступил вдобавок и режиссером.','https://livelib.ru/book/1002753975-poroyu-blazh-velikaya-ken-kizi','livelib',128,NULL),(25,'Война миров','Герберт Уэллс',NULL,'https://i.livelib.ru/boocover/1002706492/200/2384/Gerbert_Uells__Vojna_mirov.jpg','Зарубежная классика, Зарубежная фантастика, Научная фантастика','978-5-8475-1066-0','4.04','\"Великий англичанин\", \"Шекспир научной фантастики\", \"необычный и великолепный\" - это всё об одном писателе, имя которого принадлежит не только мировой литературе, но и истории человеческого прогресса - Герберт Джордж Уэллс. В сознании миллионов читателей он, прежде всего, является автором знаменитых фантастических романов, один из которых \"Война миров\" представлен в данном издании.\nКнига оформлена знаменитыми иллюстрациями бразильского художника Э. А. Корреа, о котором сам Г. Уэллс писал: \"Алвим Корреа сделал карандашом больше для моей работы, чем я с моим пером\".','https://livelib.ru/book/1002706492-vojna-mirov-gerbert-uells','livelib',178,NULL),(26,'Моя семья и другие звери','Джеральд Даррелл',NULL,'https://i.livelib.ru/boocover/1002751680/200/9206/Dzherald_Darrell__Moya_semya_i_drugie_zveri.jpg','Зарубежная классика, Литература 20 века, Детские приключения, Книги о приключениях','978-5-389-12396-0','4.52','«Моя семья и другие звери» — это «книга, завораживающая в буквальном смысле слова» (Sunday Times) и «самая восхитительная идиллия, какую только можно вообразить» (Th e New Yorker). С неизменной любовью, безупречной точностью и неподражаемым юмором Даррелл рассказывает о пятилетнем пребывании своей семьи (в том числе старшего брата Ларри, то есть Лоуренса Даррелла — будущего автора знаменитого «Александрийского квартета») на греческом острове Корфу. И сам этот роман, и его продолжения разошлись по миру многомиллионными тиражами, стали настольными книгами уже у нескольких поколений читателей, а в Англии даже вошли в школьную программу. «Трилогия о Корфу» трижды переносилась на телеэкран, причем последний раз — в 2016 году, когда британская компания ITV выпустила первый сезон сериала «Дарреллы», одним из постановщиков которого выступил Эдвард Холл («Аббатство Даунтон», «Мисс Марпл Агаты Кристи»). \r\nРоман публикуется в новом (и впервые — в полном) переводе, выполненном Сергеем Таском, чьи переводы Тома Вулфа и Джона Ле Карре, Стивена Кинга и Пола Остера, Иэна Макьюэна, Ричарда Йейтса и Фрэнсиса Скотта Фицджеральда уже стали классическими.','https://livelib.ru/book/1002751680-moya-semya-i-drugie-zveri-dzherald-darrell','livelib',236,NULL),(27,'Земля','Перл Бак',NULL,'https://j.livelib.ru/boocover/1002759185/200/c6d6/Perl_Bak__Zemlya.jpg','Литература 20 века, Зарубежная классика','978-5-17-104823-5','4.53','Потрясающий исторический роман, который принес Перл Бак Пулитцеровскую премию за 1932 год и стал в США бестселлером номер один в 1931—1932 гг.\r\nПервая книга грандиозной семейной саги, за которую писательница была удостоена Нобелевской премии по литературе.\r\nКажется, этот роман, действие которого происходит в Китае начала прошлого века, не мог выйти из-под пера западного автора — настолько аутентично в нем поведана масштабная и глубоко психологичная история честного и работящего крестьянина Ван Луна, его нелегкого пути к богатству и преуспеванию и того, сколь дорого пришлось ему заплатить за этот успех. История его жены и его молодой наложницы, его детей, каждый из которых готов идти собственной дорогой. Но кто из них станет для отца гордостью, а кто разобьет ему сердце?..','https://livelib.ru/book/1002759185-zemlya-perl-bak','livelib',50,NULL),(28,'Рождественские повести','Чарльз Диккенс',NULL,'https://i.livelib.ru/boocover/1002733315/200/24b8/Charlz_Dikkens__Rozhdestvenskie_povesti.jpg','Зарубежные детские книги, Зарубежная классика','978-5-521-00856-8','4.40','В книге собраны избранные произведения Чарльза Диккенса  повести, написанные им в 1840-х годах и посвященные теме Рождества. Тексты сопровождаются иллюстрациями английских художников середины XIX - начала XX века.','https://livelib.ru/book/1002733315-rozhdestvenskie-povesti-charlz-dikkens','livelib',90,NULL),(29,'Дэвид Копперфилд','Чарльз Диккенс',NULL,'https://i.livelib.ru/boocover/1002752449/200/1bf5/Charlz_Dikkens__Devid_Kopperfild.jpg','Классическая проза, Зарубежная классика','978-5-17-104889-1','4.39','\"Жизнь Дэвида Копперфилда, рассказанная им самим\" — поистине самый популярный роман Диккенса. Роман, переведенный на все языки мира, экранизировавшийся десятки раз — и по-прежнему завораживающий читателя своей простотой и совершенством. Это — история молодого человека, готового преодолеть любые преграды, претерпеть любые лишения и ради любви совершить самые отчаянные и смелые поступки. История бесконечно обаятельного Дэвида, гротескно ничтожного Урии и милой прелестной Доры. История, воплотившая в себе очарование \"старой доброй Англии\", ностальгию по которой поразительным образом испытывают сегодня люди, живущие в разных странах на разных континентах…','https://livelib.ru/book/1002752449-devid-kopperfild-charlz-dikkens','livelib',114,NULL),(30,'Корни неба','Ромен Гари',NULL,'https://i.livelib.ru/boocover/1002719595/200/9828/Romen_Gari__Korni_neba.jpg','Литература 20 века, Зарубежная классика','978-5-04-088664-7','4.05','Герой романа Морель приехал в Чад, чтобы остановить массовое истребление слонов. Каждого, кто ему встречается на пути, он просит подписать петицию. Кто-то считает его безумцем, кто-то усматривает в его одержимости корыстные мотивы. Различные политические силы хотят переманить Мореля на свою сторону. И под эгидой защиты природы добиться своих не слишком благородных целей. Но этот странный человек с потертым кожаным портфелем только и делает, что говорит о слонах, о том, как важно их сохранить.','https://livelib.ru/book/1002719595-korni-neba-romen-gari','livelib',20,NULL),(31,'Прекрасные и проклятые','Фрэнсис Скотт Фицджеральд',NULL,'https://j.livelib.ru/boocover/1002726790/200/a097/Frensis_Skott_Fitsdzherald__Prekrasnye_i_proklyatye.jpg','Зарубежная классика, Классическая проза, Литература 20 века','978-5-04-090824-0','4.12','Фрэнсис Скотт Фицджеральд, возвестивший миру о начале нового века — \"века джаза\", стоит особняком в современной американской классике. Плоть от плоти той легендарной эпохи, он отразил ее ярче и беспристрастнее всех. Эрнест Хемингуэй писал о нем: \"Его талант был таким естественным, как узор из пыльцы на крыльях бабочки\". Все мы помним потрясающий роман \"Великий Гэтсби\" и его блестящую экранизацию с Леонардо ДиКаприо в главной роли. В этот раз Фицджеральд знакомит нас с новыми героями \"ревущих двадцатых\" — блистательным Энтони Пэтчем и его прекрасной женой Глорией. Дожидаясь, пока умрет дедушка Энтони, мультимиллионер, и оставит им свое громадное состояние, они прожигают жизнь в Нью-Йорке, ужинают в лучших ресторанах, арендуют самое престижное жилье. Не сразу к ним приходит понимание того, что каждый выбор имеет свою цену — иногда неподъемную…','https://livelib.ru/book/1002726790-prekrasnye-i-proklyatye-frensis-skott-fitsdzherald','livelib',71,NULL),(32,'Рыцарь бесконечности','Кресли Коул',NULL,'https://i.livelib.ru/boocover/1002717713/200/a005/Kresli_Koul__Rytsar_beskonechnosti.jpg','Зарубежная фантастика, Любовно-фантастические романы, Книги для подростков','978-5-00115-302-3','4.44','Эви стала Императрицей.\r\nПосле смерти Артура она наконец-то осознала: в битве Аркан правила просты - либо убиваешь ты, либо убивают тебя.\r\nНо когда в игру вступает Смерть - обаятельный, одинокий и опасный Рыцарь Бесконечности, все усложняется. Когда-то давно, в прошлом воплощении, он был влюблен в Императрицу. Эви бессознательно тянет к нему.\r\nА как же Джексон?\r\nВ мире после Апокалипсиса нет места сомнениям. Биться нужно до конца. Но Императрица все все еще найти способ избежать кровавого сражения, в котором выживет только один.','https://livelib.ru/book/1002717713-rytsar-beskonechnosti-kresli-koul','livelib',11,NULL),(33,'Борн','Джефф Вандермеер',NULL,'https://j.livelib.ru/boocover/1002743022/200/e3d0/Dzheff_Vandermeer__Born.jpg','Фантастика, Зарубежная фантастика','978-5-04-091027-4','3.21','В разрушенном войнами городе будущего мусорщица Рахиль подбирает странное существо — не то животное, не то растение, не то оружие. Борн — так девушка называет найденыша — учится говорить и понимать мир, населенный такими же, как он, неудавшимися экспериментами ученых. Задает неудобные вопросы (что такое машина? личность? ад? здравый ум?). Показывает красоту среди развалин. Заставляет вспомнить прошлое, осознать ответственность, испытать — привязанность, ощутить — опасность.','https://livelib.ru/book/1002743022-born-dzheff-vandermeer','livelib',2,NULL),(34,'Излом времени. Квинтет времени','Мадлен Л’Энгл',NULL,'https://j.livelib.ru/boocover/1002751335/200/54e8/Madlen_L%E2%80%99Engl__Izlom_vremeni._Kvintet_vremeni.jpg','Фантастика, Зарубежная фантастика, Детская фантастика','978-5-389-13947-3','3.27','Мег Мёрри не девочка, а сплошное недоразумение. На носу — очки, волосы торчат как попало. Учится она плохо (а ведь родители у нее — знаменитые ученые!), да еще с мальчишками дерется. Ее младший брат Чарльз Уоллес — похоже, что юный гений (ну, правда, немного странноватый). А отец Мег и Чарльза Уоллеса — тот и вовсе давно исчез в неизвестном направлении (якобы у него какая-то секретная работа). В общем, странная семейка эти Мёрри, с какой стороны ни посмотри. И вот однажды на пороге их дома появляется чудаковатая старушка по имени миссис Что. И от нее Мег, Чарльз Уоллес и их новый друг Кальвин узнают про какой-то загадочный излом времени, с помощью которого можно разыскать папу… \r\nКнига «Излом времени» увидела свет в 1962 году и сразу стала классикой детской литературы, а ее автор, Мадлен Л’Энгл, была удостоена престижной медали Ньюбери. Это и сказка, и притча, и фантастика, и фэнтези; ее часто упоминают рядом с произведениями Клайва Стейплза Льюиса, автора прославленных «Хроник Нарнии». Эта книга — лишь первая в цикле о приключениях Мег, Чарльза Уоллеса и Кальвина, и впервые цикл целиком переводится на русский язык. А весной 2018 года на экраны всего мира выходит фильм «Излом времени», снятый студией «Дисней».','https://livelib.ru/book/1002751335-izlom-vremeni-kvintet-vremeni-madlen-lengl','livelib',21,NULL),(35,'Мечтают ли андроиды об электроовцах?','Филип К. Дик',NULL,'https://j.livelib.ru/boocover/1002717523/200/f517/Filip_K._Dik__Mechtayut_li_androidy_ob_elektroovtsah.jpg','Зарубежная фантастика, Научная фантастика','978-5-04-091170-7','4.17','После ядерной войны Земля превратилась в пустыню, покрытую радиоактивной пылью. Животные вымирают, люди эмигрируют во внеземные колонии. Оставшиеся влачат жалкое существование в разрушающихся городах. Сотрудник полиции Рик Декарт получает задание найти и уничтожить группу андроидов, сбежавших с внешней колонии на Землю. Но постепенно Рик начинает задаваться вопросом: а так ли уж андроиды отличаются от людей? И где пролегает та граница, что их разделяет? \r\nРоман номинировался на премию Небьюла и был экранизирован Ридли Скоттом в 1982 году.','https://livelib.ru/book/1002717523-mechtayut-li-androidy-ob-elektroovtsah-filip-k-dik','livelib',137,NULL),(36,'Стигматы Палмера Элдрича','Филип К. Дик',NULL,'https://j.livelib.ru/boocover/1002717522/200/f39f/Filip_K._Dik__Stigmaty_Palmera_Eldricha.jpg','Фантастика, Зарубежная фантастика','978-5-04-091171-4','3.96','На Земле глобальное потепление, идет вынужденная колонизация ближайших планет.\r\nИз экспедиции на Проксиму Центавра возвращается загадочный Палмер Элдрич и привозит с собой в подарок человечеству секрет бессмертия. И окружающая реальность вдруг начинает разрушаться, превращаясь в иллюзию, где Элдрич обладает чудовищной властью бога.\r\nКлассический роман Дика, получивший премию Британской ассоциации научной фантастики и номинированный на премию Небьюла.','https://livelib.ru/book/1002717522-stigmaty-palmera-eldricha-filip-k-dik','livelib',4,NULL),(37,'Королевская битва','Таками Косюн',NULL,'https://j.livelib.ru/boocover/1002751321/200/4bb9/Takami_Kosyun__Korolevskaya_bitva.jpg','','978-5-521-00914-5','4.33','Сюжет культовой японской антиутопии описывает военизированную игру, в которой участвуют школьники вымышленного тоталитарного государства. Здесь все устроено по принципу их любимых компьютерных \"бродилок\" - вот только сражаться приходится в реальности, причем игра здесь ведется на выживание.','https://livelib.ru/book/1002751321-korolevskaya-bitva-takami-kosyun','livelib',111,NULL),(38,'Сквозь время (сборник)','Вернор Виндж',NULL,'https://i.livelib.ru/boocover/1002717958/200/feae/Vernor_Vindzh__Skvoz_vremya_sbornik.jpg','Фантастика, Зарубежная фантастика, Научная фантастика','978-5-389-13779-0','4.08','В ядерной войне погибло девяносто процентов населения Земли, но группе ученых из Ливерморской энергетической лаборатории удалось остановить катастрофу, накрыв все потенциально опасные объекты куполами стасисного поля. Полвека спустя эти люди по-прежнему контролируют мелкие государства и общины, возникшие на месте прежних стран. Якобы ради сохранения мира, а на самом деле ради удержания власти они остановили развитие технологий — и готовы применить к нарушителям запрета любые средства террора. Прогресс теперь считается злейшим врагом человечества, он загнан в глубокое подполье. Но Мастеровые еще не разгромлены и не пойман самый опасный из них, гениальный математик Пол Нейсмит, за свои изобретения прозванный Чародеем.','https://livelib.ru/book/1002717958-skvoz-vremya-sbornik-vernor-vindzh','livelib',5,NULL),(39,'Уродина','Скотт Вестерфельд',NULL,'https://i.livelib.ru/boocover/1002752385/200/c5d8/Skott_Vesterfeld__Urodina.jpg','Зарубежная фантастика, Социальная фантастика, Фантастика','978-5-17-107476-0','3.80','В постапокалиптическом мире будущего, в котором живет Тэлли, всем подросткам, достигшим шестнадцати лет, делают пластическую операцию, чтобы превратить их в ослепительных красавцев. Тэлли осталось ждать совсем недолго: через пару недель из вызывающей отвращение уродины она преобразится в красотку и все кардинально изменится. Ведь единственная задача красавцев и красавиц в высокотехнологичном раю — веселиться и получать удовольствие от жизни.\r\nНо не все жители Уродвилля стремятся стать красивыми. И когда новая подруга Тэлли, Шэй, сбегает в Дым — убежище мятежников, мир красавцев раскрывается для Тэлли по-новому, и он уже далеко не так безупречен, как все привыкли его видеть. Представители власти ставят перед Тэлли невозможное условие: или она находит Шэй и сдает ее, или Тэлли никогда не превратится в красавицу. От решения Тэлли зависит ее будущее, которое может измениться навсегда...','https://livelib.ru/book/1002752385-urodina-skott-vesterfeld','livelib',121,NULL),(40,'Электрические сны (сборник)','Филип К. Дик',NULL,'https://j.livelib.ru/boocover/1002735495/200/bc17/Filip_K._Dik__Elektricheskie_sny_sbornik.jpg','Фантастика, Зарубежная фантастика','978-5-04-091024-3','3.69','Перед вами \"Электрические сны Филипа К.  Дика\" — сборник самых лучших рассказов, отобранных для экранизации Брайаном Крэнстоном (\"Во все тяжкие\", \"Драйв\") и воплотившихся в новейший одноименный сериал от Amazon и Channel 4.\r\nВ них изобретают самовоспроизводящиеся машины, исследуется восприятие изменяющейся реальности, создается пугающая и темная политическая аллегория, актуальная как при холодной войне, так и в наше время.\r\nСтранные и иногда забавные, эти поразительные истории подчеркивают талант, безграничное воображение и глубокое понимание человеческой природы, которыми обладал Филип К. Дик.','https://livelib.ru/book/1002735495-elektricheskie-sny-sbornik-filip-k-dik','livelib',3,NULL),(41,'Опрокинутый мир','Кристофер Прист',NULL,'https://i.livelib.ru/boocover/1002752697/200/9425/Kristofer_Prist__Oprokinutyj_mir.jpg','Зарубежная фантастика, Фантастика','978-5-17-106873-8','4.21','Роман \"Опрокинутый мир\", получивший премию Британской ассоциации научной фантастики, рассказывает о странном огромном Городе, который непрерывно передвигается по рельсам, и его обитателях, неустанно прокладывающих железнодорожные пути впереди и разбирающих рельсы позади движения Города. Гельвард Манн из Гильдии Разведчиков возвращается в места, покинутые Городом, и делает поразительное открытие…','https://livelib.ru/book/1002752697-oprokinutyj-mir-kristofer-prist','livelib',31,NULL),(42,'Первому игроку приготовиться','Эрнест Клайн',NULL,'https://i.livelib.ru/boocover/1002751726/200/2f99/Ernest_Klajn__Pervomu_igroku_prigotovitsya.jpg','Фантастика, Зарубежная фантастика','978-5-17-107194-3','4.38','В 2045 году реальный мир – не самое приятное место. По-настоящему живым Уэйд Уоттс чувствует себя лишь в OASISе – огромном виртуальном пространстве, где проводит свои дни большая часть человечества.  \r\nПеред смертью эксцентричный создатель ОАSISа, одержимый поп-культурой прошлых лет, составляет на ее основе ряд сложнейших головоломок. Тот, кто разгадает их первым, унаследует его огромное состояние – и контроль над самим ОАSISом.  \r\nУэйд находит первую подсказку. И внезапно оказывается под прицелом соперников, готовых пойти на убийство ради обладания главным призом. Гонка началась, а единственный способ выжить – победить.','https://livelib.ru/book/1002751726-pervomu-igroku-prigotovitsya-ernest-klajn','livelib',225,NULL),(43,'Аннигиляция','Джефф Вандермеер',NULL,'https://i.livelib.ru/boocover/1002745594/200/814e/Dzheff_Vandermeer__Annigilyatsiya.jpg','Зарубежная фантастика, Научная фантастика','978-5-699-98967-6','3.62','Район Икс десятилетиями был отрезан от остального континента. Природа поглотила последние следы человеческой цивилизации. Первая экспедиция вернулась с отчётом о нетронутых райских пейзажах; все члены второй покончили жизнь самоубийством; третья экспедиция погибла под градом обстрела, когда её участники обернулись друг против друга; члены одиннадцатого похода вернулись тенями своих бывших «я» и в течение нескольких месяцев все скончались от агрессивного рака.\r\nЭто — двенадцатая экспедиция.\r\nИх группа состоит из четырёх женщин: антрополога, топографа, психолога — фактического лидера и биолога — нашего рассказчика. Их миссия — составить карту территории и собрать образцы; записать все свои наблюдения, как научные, так и другие — об окружающей обстановке и друг о друге. И прежде всего, им необходимо избежать пагубного влияния самого Района Икс.\r\nОни прибывают, ожидая неожиданного, и Район Икс не подводит — они обнаруживают внушительную топографическую аномалию и формы жизни, находящиеся за пределами понимания. Но именно те неожиданности, что участники экспедиции пронесли через границу, и тайны, которые они хранят друг от друга, меняют всё.','https://livelib.ru/book/1002745594-annigilyatsiya-dzheff-vandermeer','livelib',46,NULL),(44,'Разрушитель кораблей','Паоло Бачигалупи',NULL,'https://j.livelib.ru/boocover/1002750784/200/a0b9/Paolo_Bachigalupi__Razrushitel_korablej.jpg','Фантастика, Зарубежная фантастика','978-5-04-091683-2','3.82','Поражающая контрастами картина будущего: ресурсы исчерпаны, города мертвы, пропасть между нищими дикарями и состоятельными владельцами новых технологий непреодолима. Ценой изнуряющего труда, упорства, предательства и везения на затопленных берегах Мексиканского залива подростки должны выбраться из \"низов\" и выжить. В заброшенных нефтяных танкерах они добывают цветные металлы, рискуют, мечтают, взрослеют. И в лучших традициях приключенческих историй и романов воспитания выбирают между чувством — и разумом, благородными, \"правильными\" поступками — и сиюминутной выгодой.','https://livelib.ru/book/1002750784-razrushitel-korablej-paolo-bachigalupi','livelib',14,NULL),(45,'Продажное королевство','Ли Бардуго',NULL,'https://j.livelib.ru/boocover/1002707756/200/b2cd/Li_Bardugo__Prodazhnoe_korolevstvo.jpg','Зарубежное фэнтези, Фэнтези, Книги для подростков','978-5-17-106222-4','4.64','Казу Бреккеру и его команде удалось провернуть столь дерзкое похищение, что они и сами не поняли, как остались в живых. Но обещанная заоблачная награда уплывает из рук, и юные изгои вынуждены снова бороться за свою жизнь. Их обвели вокруг пальца и лишили ценного члена команды. Теперь у них не хватает людей, очень мало союзников и почти не осталось надежды. Давние соперники и новые враги бросают вызов коварству Каза, а его окружение подвергают испытанию на прочность. На темных и извилистых улочках Кеттердама разразится война – она и решит судьбу гришей.','https://livelib.ru/book/1002707756-prodazhnoe-korolevstvo-li-bardugo','livelib',39,NULL),(46,'Магония','Мария Хэдли',NULL,'https://j.livelib.ru/boocover/1002727073/200/0bb0/Mariya_Hedli__Magoniya.jpg','Фэнтези, Зарубежное фэнтези','978-5-17-105311-6','4.00','Шестнадцатилетняя Аза с рождения страдает загадочной болезнью легких. Она не может нормально дышать, говорить, жить. Недуг медленно убивает Азу, и доктора не знают, как исцелить ее... Однажды она замечает плывущий в небе старинный корабль. Все уверены, что Азе это привиделось: просто галлюцинация, вызванная лекарствами. Но вскоре девушка исчезает из этого мира. И оказывается в другом... Там, наверху, в Магонии.','https://livelib.ru/book/1002727073-magoniya-mariya-hedli','livelib',9,NULL),(47,'Одно целое','Сара Кроссан',NULL,'https://j.livelib.ru/boocover/1002727501/200/6bb7/Sara_Krossan__Odno_tseloe.jpg','Книги для подростков, Современная зарубежная литература','978-5-04-089831-2','4.15','Типпи и Грейс не нравится, когда на них пялятся, что неудивительно, ведь они сиамские близнецы. Им хочется жить как обычные подростки – ходить в кино, влюбляться, находить новых друзей. Но это трудно, когда люди вокруг тыкают в тебя пальцами и обзывают. \r\nДевочкам приходится тяжело, однако они храбро сражаются со всеми бедами. И однажды судьба вознаграждает (или наказывает?) их возможностью разделиться, а они ухватываются за этот шанс, ухватываются изо всех сил. Вот только получить желаемое не так просто, и Типпи и Грейс еще придется столкнуться с последствиями своего решения обрести личную свободу.','https://livelib.ru/book/1002727501-odno-tseloe-sara-krossan','livelib',3,NULL);
/*!40000 ALTER TABLE `books` ENABLE KEYS */;
UNLOCK TABLES;

--
-- Table structure for table `bot_commands`
--

DROP TABLE IF EXISTS `bot_commands`;
/*!40101 SET @saved_cs_client     = @@character_set_client */;
/*!40101 SET character_set_client = utf8 */;
CREATE TABLE `bot_commands` (
  `id` int(11) NOT NULL AUTO_INCREMENT,
  `command` varchar(255) NOT NULL,
  `description` text NOT NULL,
  PRIMARY KEY (`id`)
) ENGINE=InnoDB DEFAULT CHARSET=utf8;
/*!40101 SET character_set_client = @saved_cs_client */;

--
-- Dumping data for table `bot_commands`
--

LOCK TABLES `bot_commands` WRITE;
/*!40000 ALTER TABLE `bot_commands` DISABLE KEYS */;
/*!40000 ALTER TABLE `bot_commands` ENABLE KEYS */;
UNLOCK TABLES;

--
-- Table structure for table `collection_books`
--

DROP TABLE IF EXISTS `collection_books`;
/*!40101 SET @saved_cs_client     = @@character_set_client */;
/*!40101 SET character_set_client = utf8 */;
CREATE TABLE `collection_books` (
  `id` int(11) NOT NULL AUTO_INCREMENT,
  `name` varchar(255) NOT NULL,
  `isbn` varchar(255) NOT NULL,
  `link` varchar(255) NOT NULL,
  `status` varchar(255) NOT NULL,
  PRIMARY KEY (`id`),
  UNIQUE KEY `isbn` (`isbn`)
) ENGINE=InnoDB AUTO_INCREMENT=214 DEFAULT CHARSET=utf8;
/*!40101 SET character_set_client = @saved_cs_client */;

--
-- Dumping data for table `collection_books`
--

LOCK TABLES `collection_books` WRITE;
/*!40000 ALTER TABLE `collection_books` DISABLE KEYS */;
INSERT INTO `collection_books` VALUES (1,'Дело без трупа. Неоконченное дело','978-5-17-100176-6','https://livelib.ru/book/1002718437-delo-bez-trupa-neokonchennoe-delo-leo-bryus','error'),(2,'Женщина в окне','9785389132658','https://livelib.ru/book/1002730403-zhenschina-v-okne-a-dzh-finn','added'),(3,'Один из нас лжет','978-5-17-103778-9','https://livelib.ru/book/1002730319-odin-iz-nas-lzhet-karen-m-makmanus','added'),(4,'Завтра я буду скучать по тебе','978-5-17-102624-0','https://livelib.ru/book/1002730321-zavtra-ya-budu-skuchat-po-tebe-hejne-bakkejd','error'),(5,'Меловой Человек','978-617-12-4331-6','https://livelib.ru/book/1002736315-melovoj-chelovek-s-dzh-tyudor','error'),(6,'Забытые','978-5-04-090833-2','https://livelib.ru/book/1002733464-zabytye-sara-bledel','error'),(7,'Охота на Джека-потрошителя','978-5-17-982482-4','https://livelib.ru/book/1002751217-ohota-na-dzhekapotroshitelya-kerri-maniskalko','added'),(8,'Огненная дева','978-5-04-091103-5','https://livelib.ru/book/1002751706-ognennaya-deva-dzhennifer-makmahon','error'),(9,'Природа зверя','978-5-389-11468-5','https://livelib.ru/book/1002717939-priroda-zverya-luiza-penni','added'),(10,'Остров Камино','978-5-17-982582-1','https://livelib.ru/book/1002506043-ostrov-kamino-dzhon-grishem','added'),(11,'Полночь в саду добра и зла','978-5-17-982400-8','https://livelib.ru/book/1002744679-polnoch-v-sadu-dobra-i-zla-dzhon-berendt','added'),(12,'Мертвые души','978-5-04-090872-1','https://livelib.ru/book/1002723215-mertvye-dushi-anzhela-marsons','error'),(13,'Хорошее поведение','978-5-04-090985-8','https://livelib.ru/book/1002737427-horoshee-povedenie-blejk-krauch','error'),(14,'Убийца','978-5-04-090126-5','https://livelib.ru/book/1002723217-ubijtsa-dzhonatan-kellerman','error'),(15,'Фикс','978-5-04-090995-7','https://livelib.ru/book/1002729509-fiks-devid-boldachchi','error'),(16,'Ночной охотник','978-5-17-104747-4','https://livelib.ru/book/1002730318-nochnoj-ohotnik-robert-bryndza','error'),(17,'Время-убийца','978-5-86471-781-3','https://livelib.ru/book/1002086356-vremyaubijtsa-mishel-byussi','error'),(18,'Двенадцать ключей Рождества','978-5-17-982481-7','https://livelib.ru/book/1002729946-dvenadtsat-klyuchej-rozhdestva-fillis-doroti-dzhejms','error'),(19,'Третий близнец','978-5-17-106925-4','https://livelib.ru/book/1002731702-tretij-bliznets-ken-follett','added'),(20,'Алиенист','978-5-17-107377-0','https://livelib.ru/book/1002749691-alienist-kaleb-karr','added'),(21,'Без предела','978-5-04-091076-2','https://livelib.ru/book/1002729505-bez-predela-yussi-adlerolsen','error'),(22,'Четвертая дверь','978-5-17-105091-7','https://livelib.ru/book/1002730316-chetvertaya-dver-pol-alter','error'),(23,'Дочь палача и Совет двенадцати','978-5-04-091355-8','https://livelib.ru/book/1002750757-doch-palacha-i-sovet-dvenadtsati-oliver-pjotch','error'),(24,'Южные моря. Греческий лабиринт','978-5-17-090952-0','https://livelib.ru/book/1002706831-yuzhnye-morya-grecheskij-labirint-manuel-vaskes-montalban','error'),(25,'Пустой стул','978-5-389-14036-3','https://livelib.ru/book/1002730406-pustoj-stul-dzheffri-diver','added'),(27,'Вызовите акушерку. Тени Ист-Энда','978-5-9909713-1-8','https://livelib.ru/book/1002699839-vyzovite-akusherku-teni-istenda-dzhennifer-uorf','added'),(28,'Люди среди деревьев','978-5-17-102325-6','https://livelib.ru/book/1002566921-lyudi-sredi-derevev-hanya-yanagihara','added'),(29,'Под алыми небесами','978-5-389-13828-5','https://livelib.ru/book/1002730381-pod-alymi-nebesami-mark-sallivan','added'),(30,'Опускается ночь','978-5-389-12971-9','https://livelib.ru/book/1002717942-opuskaetsya-noch-ketrin-uebb','error'),(31,'Пропавший без вести','978-5-17-982633-0','https://livelib.ru/book/1002706833-propavshij-bez-vesti-lyusi-klark','added'),(32,'Витающие в облаках','978-5-389-09972-2','https://livelib.ru/book/1002730382-vitayuschie-v-oblakah-kejt-atkinson','error'),(33,'Марина','978-5-17-100058-5','https://livelib.ru/book/1002723124-marina-karlos-ruis-safon','added'),(34,'Тайны Торнвуда','978-5-17-100357-9','https://livelib.ru/book/1002730331-tajny-tornvuda-anna-romer','error'),(35,'Все нечестные святые','978-5-04-090471-6','https://livelib.ru/book/1002744595-vse-nechestnye-svyatye-meggi-stivoter','error'),(36,'Одно целое','978-5-04-089831-2','https://livelib.ru/book/1002727501-odno-tseloe-sara-krossan','added'),(37,'Три версии нас','978-5-906837-89-9','https://livelib.ru/book/1002742213-tri-versii-nas-lora-barnett','error'),(38,'Красный гаолян','978-5-7516-1474-4','https://livelib.ru/book/1001265553-krasnyj-gaolyan-mo-yan','error'),(39,'Время свинга','978-5-04-090843-1','https://livelib.ru/book/1002749682-vremya-svinga-zedi-smit','error'),(40,'Собиратели ракушек','978-5-389-14060-8','https://livelib.ru/book/1002753970-sobirateli-rakushek-rozamunda-pilcher','error'),(41,'Добрее одиночества','978-5-17-982500-5','https://livelib.ru/book/1002748671-dobree-odinochestva-iyun-li','error'),(42,'Японский любовник','978-5-389-12858-3','https://livelib.ru/book/1002753108-yaponskij-lyubovnik-isabel-alende','new'),(43,'Моя любовь когда-нибудь очнется','978-5-04-090859-2','https://livelib.ru/book/1002723855-moya-lyubov-kogdanibud-ochnetsya-charlz-martin','new'),(44,'Там, где тебя ждут','978-5-04-090896-7','https://livelib.ru/book/1002732333-tam-gde-tebya-zhdut-meggi-ofarrell','new'),(45,'Тонкая работа','978-5-389-13142-2','https://livelib.ru/book/1002730399-tonkaya-rabota-sara-uoters','new'),(46,'Вызовите акушерку. Прощание с Ист-Эндом','978-5-6040082-2-5','https://livelib.ru/book/1002749721-vyzovite-akusherku-proschanie-s-istendom-dzhennifer-uorf','new'),(47,'Что они несли с собой','978-5-17-983286-7','https://livelib.ru/book/1002706824-chto-oni-nesli-s-soboj-tim-obrajen','new'),(48,'Требуется идеальная женщина','978-5-17-101630-2','https://livelib.ru/book/1002731704-trebuetsya-idealnaya-zhenschina-ann-berest','new'),(49,'Бойцовые рыбки','978-5-6040082-3-2','https://livelib.ru/book/1002742230-bojtsovye-rybki-s-e-hinton','new'),(50,'Убить пересмешника','978-5-17-090411-2','https://livelib.ru/book/1002723093-ubit-peresmeshnika-harper-li','added'),(51,'Замок Дор. Прощай, молодость','978-5-389-08546-6','https://livelib.ru/book/1002717929-zamok-dor-proschaj-molodost-dafna-dyumore','error'),(52,'Зрелость','978-5-699-87375-3','https://livelib.ru/book/1002713749-zrelost-simona-de-bovuar','error'),(53,'Город и звезды','978-5-17-105787-9','https://livelib.ru/book/1002698860-gorod-i-zvezdy-artur-klark','added'),(54,'Лавка древностей','978-5-04-090825-7','https://livelib.ru/book/1002723610-lavka-drevnostej-charlz-dikkens','added'),(55,'Конец парада. Каждому свое','978-5-386-10538-9','https://livelib.ru/book/1002742214-konets-parada-kazhdomu-svoe-ford-medoks-ford','error'),(56,'Козел отпущения. Правь, Британия!','978-5-389-12164-5','https://livelib.ru/book/1002751641-kozel-otpuscheniya-prav-britaniya-dafna-dyu-more','error'),(57,'Грозовой перевал','978-5-04-090654-3','https://livelib.ru/book/1002723611-grozovoj-pereval-emili-bronte','added'),(58,'Приключения Оливера Твиста','978-5-4444-5820-4','https://livelib.ru/book/1002729912-priklyucheniya-olivera-tvista-charlz-dikkens','added'),(59,'Гость Дракулы. Сборник','978-5-17-104023-9','https://livelib.ru/book/1002718446-gost-drakuly-sbornik-brem-stoker','error'),(60,'Финансист','978-5-17-106459-4','https://livelib.ru/book/1002734515-finansist-teodor-drajzer','added'),(61,'Крестоносцы','978-5-389-14229-9','https://livelib.ru/book/1002751684-krestonostsy-genrik-senkevich','added'),(62,'Порою блажь великая','978-5-389-14085-1','https://livelib.ru/book/1002753975-poroyu-blazh-velikaya-ken-kizi','added'),(63,'Война миров','978-5-8475-1066-0','https://livelib.ru/book/1002706492-vojna-mirov-gerbert-uells','added'),(64,'Фунты лиха в Париже и Лондоне. Дорога на Уиган-Пирс','978-5-17-104841-9','https://livelib.ru/book/1002733483-funty-liha-v-parizhe-i-londone-doroga-na-uiganpirs-dzhordzh-oruell','error'),(65,'Моя семья и другие звери','978-5-389-12396-0','https://livelib.ru/book/1002751680-moya-semya-i-drugie-zveri-dzherald-darrell','added'),(66,'Земля','978-5-17-104823-5','https://livelib.ru/book/1002759185-zemlya-perl-bak','added'),(67,'Змеиный перевал','978-5-8370-0846-7','https://livelib.ru/book/1002762405-zmeinyj-pereval-brem-stoker','error'),(68,'Рождественские повести','978-5-521-00856-8','https://livelib.ru/book/1002733315-rozhdestvenskie-povesti-charlz-dikkens','added'),(69,'Галапагосы','978-5-17-105969-9','https://livelib.ru/book/1002734514-galapagosy-kurt-vonnegut','added'),(70,'Женщина в песках. Человек-ящик. Чужое лицо. Совсем как человек','978-5-389-13885-8','https://livelib.ru/book/1002718144-zhenschina-v-peskah-chelovekyaschik-chuzhoe-litso-sovsem-kak-chelovek-kobo-abe','error'),(71,'Дэвид Копперфилд','978-5-17-104889-1','https://livelib.ru/book/1002752449-devid-kopperfild-charlz-dikkens','added'),(72,'Зверь: сборник','978-617-12-4311-8','https://livelib.ru/book/1002721376-zver-sbornik-ernest-setontompson','error'),(73,'Корни неба','978-5-04-088664-7','https://livelib.ru/book/1002719595-korni-neba-romen-gari','added'),(74,'Прекрасные и проклятые','978-5-04-090824-0','https://livelib.ru/book/1002726790-prekrasnye-i-proklyatye-frensis-skott-fitsdzherald','added'),(75,'Навсе...где?','978-5-17-100048-6','https://livelib.ru/book/1002085429-navsegde-hejdi-hejlig','error'),(76,'Совершенство','978-5-17-102876-3','https://livelib.ru/book/1002734548-sovershenstvo-kler-nort','error'),(77,'Три дня до небытия','978-5-17-098758-0','https://livelib.ru/book/1002733476-tri-dnya-do-nebytiya-tim-pauers','error'),(78,'Черный человек','978-5-17-099083-2','https://livelib.ru/book/1002723518-chernyj-chelovek-richard-morgan','error'),(79,'Рыцарь бесконечности','978-5-00115-302-3','https://livelib.ru/book/1002717713-rytsar-beskonechnosti-kresli-koul','added'),(80,'Борн','978-5-04-091027-4','https://livelib.ru/book/1002743022-born-dzheff-vandermeer','added'),(81,'Излом времени. Квинтет времени','978-5-389-13947-3','https://livelib.ru/book/1002751335-izlom-vremeni-kvintet-vremeni-madlen-lengl','added'),(82,'Мечтают ли андроиды об электроовцах?','978-5-04-091170-7','https://livelib.ru/book/1002717523-mechtayut-li-androidy-ob-elektroovtsah-filip-k-dik','added'),(83,'Стигматы Палмера Элдрича','978-5-04-091171-4','https://livelib.ru/book/1002717522-stigmaty-palmera-eldricha-filip-k-dik','added'),(84,'Королевская битва','978-5-521-00914-5','https://livelib.ru/book/1002751321-korolevskaya-bitva-takami-kosyun','added'),(85,'Сквозь время (сборник)','978-5-389-13779-0','https://livelib.ru/book/1002717958-skvoz-vremya-sbornik-vernor-vindzh','added'),(86,'Уродина','978-5-17-107476-0','https://livelib.ru/book/1002752385-urodina-skott-vesterfeld','added'),(87,'Электрические сны (сборник)','978-5-04-091024-3','https://livelib.ru/book/1002735495-elektricheskie-sny-sbornik-filip-k-dik','added'),(88,'Опрокинутый мир','978-5-17-106873-8','https://livelib.ru/book/1002752697-oprokinutyj-mir-kristofer-prist','added'),(89,'Темный Разум','978-5-91878-246-0','https://livelib.ru/book/1002731249-temnyj-razum-nil-esher','error'),(90,'Погружение в Солнце','978-5-17-098272-1','https://livelib.ru/book/1002153035-pogruzhenie-v-solntse-devid-brin','error'),(91,'Эволюционирующая Бездна','978-5-91878-247-7','https://livelib.ru/book/1002734501-evolyutsioniruyuschaya-bezdna-piter-gamilton','error'),(92,'Первому игроку приготовиться','978-5-17-107194-3','https://livelib.ru/book/1002751726-pervomu-igroku-prigotovitsya-ernest-klajn','added'),(93,'Счастье — это теплый звездолет (сборник)','978-5-389-13317-4','https://livelib.ru/book/1002736269-schaste-eto-teplyj-zvezdolet-sbornik-dzhejms-tiptriml','error'),(94,'Аннигиляция','978-5-699-98967-6','https://livelib.ru/book/1002745594-annigilyatsiya-dzheff-vandermeer','added'),(95,'Разрушитель кораблей','978-5-04-091683-2','https://livelib.ru/book/1002750784-razrushitel-korablej-paolo-bachigalupi','added'),(96,'Затонувшие города','978-5-04-091838-6','https://livelib.ru/book/1002756372-zatonuvshie-goroda-paolo-bachigalupi','error'),(97,'Продажное королевство','978-5-17-106222-4','https://livelib.ru/book/1002707756-prodazhnoe-korolevstvo-li-bardugo','added'),(98,'Магония','978-5-17-105311-6','https://livelib.ru/book/1002727073-magoniya-mariya-hedli','added'),(99,'Книга пыли. Прекрасная Дикарка','978-5-17-982968-3','https://livelib.ru/book/1002723414-kniga-pyli-prekrasnaya-dikarka-filip-pulman','error'),(100,'Избранная луной','978-5-17-101597-8','https://livelib.ru/book/1002593509-izbrannaya-lunoj-f-k-kast','error'),(101,'Стертая','978-5-699-98476-3','https://livelib.ru/book/1002726214-stertaya-teri-terri','new'),(102,'The Cruel Prince','0316310271','https://livelib.ru/book/1002667819-the-cruel-prince-holly-black','new'),(103,'Эта свирепая песня','978-5-04-090961-2','https://livelib.ru/book/1002733192-eta-svirepaya-pesnya-viktoriya-shvab','new'),(104,'Сладкое зло','978-5-17-983291-1','https://livelib.ru/book/1002727498-sladkoe-zlo-vendi-higgins','new'),(105,'Королева тьмы','9785040908196','https://livelib.ru/book/1002736281-koroleva-tmy-sidzhej-redvajn','new'),(106,'Бессмертный','978-5-17-104950-8','https://livelib.ru/book/1002731200-bessmertnyj-ketrin-m-valente','new'),(107,'Остров Чаек','978-5-00115-252-1','https://livelib.ru/book/1002718888-ostrov-chaek-frensis-harding','new'),(108,'Агентство \"Фантом в каждый дом\"','978-5-17-099481-6','https://livelib.ru/book/1002718169-agentstvo-fantom-v-kazhdyj-dom-eva-ibbotson','new'),(109,'Убийца Войн','978-5-389-13266-5','https://livelib.ru/book/1002717952-ubijtsa-vojn-brendon-sanderson','new'),(110,'Блистательный Двор','978-5-04-088881-8','https://livelib.ru/book/1002726216-blistatelnyj-dvor-rajchel-mid','new'),(111,'Иней как ночь','978-5-00115-303-0','https://livelib.ru/book/1002718890-inej-kak-noch-sara-raash','new'),(112,'Открытие ведьм','978-5-389-12415-8','https://livelib.ru/book/1002730385-otkrytie-vedm-debora-harkness','new'),(113,'Затмение','978-5-17-106438-9','https://livelib.ru/book/1002718158-zatmenie-stefani-majer','new'),(114,'Рассвет','978-5-17-106904-9','https://livelib.ru/book/1002718156-rassvet-stefani-majer','new'),(115,'Преступление победителя','978-5-00115-301-6','https://livelib.ru/book/1002717714-prestuplenie-pobeditelya-mari-rutkoski','new'),(116,'Преследуемый. Hounded','978-5-04-089558-8','https://livelib.ru/book/1002750751-presleduemyj-hounded-kevin-hirn','new'),(117,'Стеклянная магия','978-5-699-90877-6','https://livelib.ru/book/1002751690-steklyannaya-magiya-charli-holmberg','new'),(118,'Двурожденные. Книга 3. Браслеты Скорби','978-5-389-13636-6','https://livelib.ru/book/1002730431-dvurozhdennye-kniga-3-braslety-skorbi-brendon-sanderson','new'),(119,'Магия безумия','978-5-04-090476-1','https://livelib.ru/book/1002756503-magiya-bezumiya-ag-govard','new'),(120,'Возвращение','978-5-17-104492-3','https://livelib.ru/book/1002759236-vozvraschenie-dzhennifer-armentrout','new'),(121,'Сломленный принц','978-5-17-106857-8','https://livelib.ru/book/1002743465-slomlennyj-prints-erin-uatt','new'),(122,'Мой любимый враг','978-5-389-13200-9','https://livelib.ru/book/1002730362-moj-lyubimyj-vrag-salli-torn','new'),(123,'Поцелуй меня в Нью-Йорке','978-5-386-10430-6','https://livelib.ru/book/1002736855-potseluj-menya-v-nyujorke-ketrin-rajder','new'),(124,'С любовью, Лара Джин','978-5-17-983183-9','https://livelib.ru/book/1002751658-s-lyubovyu-lara-dzhin-dzhenni-han','new'),(125,'Что я натворила?','978-5-04-090858-5','https://livelib.ru/book/1002723218-chto-ya-natvorila-amanda-prouz','new'),(126,'Соперник','9785171043049','https://livelib.ru/book/1002726688-sopernik-penelopa-duglas','new'),(127,'Я говорил, что ты нужна мне?','978-5-04-090993-3','https://livelib.ru/book/1002743412-ya-govoril-chto-ty-nuzhna-mne-estel-maskejm','new'),(128,'Рядом с тобой','978-5-386-10588-4','https://livelib.ru/book/1002758645-ryadom-s-toboj-kejsi-uest','new'),(129,'Сердцееды','978-5-386-10489-4','https://livelib.ru/book/1002736857-serdtseedy-eli-novak','new'),(130,'Последние парень и девушка на Земле','978-5-386-10307-1','https://livelib.ru/book/1002742235-poslednie-paren-i-devushka-na-zemle-viven-shivan','new'),(131,'Четыре года спустя','978-5-17-104768-9','https://livelib.ru/book/1002752768-chetyre-goda-spustya-monika-merfi','new'),(132,'Колыбельная звезд','978-5-04-090974-2','https://livelib.ru/book/1002762345-kolybelnaya-zvezd-karen-uajt','new'),(133,'Лорна Дун','978-5-521-00835-3','https://livelib.ru/book/1002701312-lorna-dun-richard-dodridzh-blekmor','new'),(134,'Целую твои руки много-много раз','978-5-04-090969-8','https://livelib.ru/book/1002752753-tseluyu-tvoi-ruki-mnogomnogo-raz-marianna-segedimasak','new'),(135,'Гарантия на счастье','978-5-04-090125-8','https://livelib.ru/book/1002730349-garantiya-na-schaste-katazhina-groholya','new'),(136,'Белая принцесса','978-5-04-089514-4','https://livelib.ru/book/1002731321-belaya-printsessa-filippa-gregori','new'),(137,'Серебряный ангел','978-5-17-106375-7','https://livelib.ru/book/1002707454-serebryanyj-angel-dzhoanna-lindsej','new'),(138,'Разбивая волны','978-5-04-089499-4','https://livelib.ru/book/1002763032-razbivaya-volny-kerri-lonsdejl','new'),(139,'Территория выжженной любви','978-5-5321-2744-9','https://livelib.ru/book/1002752760-territoriya-vyzhzhennoj-lyubvi-makarov-aleksandr-vladimirovich','new'),(140,'Злой умысел','978-5-699-93574-1','https://livelib.ru/book/1002742247-zloj-umysel-daniela-stil','new'),(141,'Неотразимый повеса','978-5-17-102958-6','https://livelib.ru/book/1002751797-neotrazimyj-povesa-valeri-boumen','new'),(142,'Истории жизни: Я ее любил. Мне бы хотелось. Луис Мариано','978-5-17-982362-9','https://livelib.ru/book/1002746270-istorii-zhizni-ya-ee-lyubil-mne-by-hotelos-luis-mariano-anna-gavalda','new'),(143,'Milk and Honey. Белые стихи, покорившие мир','978-5-04-092940-5','https://livelib.ru/book/1002749686-milk-and-honey-belye-stihi-pokorivshie-mir-rupi-kaur','new'),(144,'Сто стихотворений','978-5-7516-1429-4','https://livelib.ru/book/1002472738-sto-stihotvorenij-emili-dikinson','new'),(145,'Стихотворения','978-5-7516-1376-1','https://livelib.ru/book/1002472743-stihotvoreniya-maks-zhakob','new'),(146,'Кантос','978-5-02-039731-6','https://livelib.ru/book/1002722664-kantos-ezra-paund','new'),(147,'Вересковый мед','978-5-903406-65-4','https://livelib.ru/book/1002751694-vereskovyj-med-robert-lyuis-stivenson','new'),(148,'Праздник осенней луны. Стихи','978-5-521-00852-0','https://livelib.ru/book/1002749274-prazdnik-osennej-luny-stihi-matsuo-base','new'),(149,'Пятьдесят строф об украденной любви. Собрание переводов','978-5-9500361-2-5','https://livelib.ru/book/1002739653-pyatdesyat-strof-ob-ukradennoj-lyubvi-sobranie-perevodov-bilhana','new'),(150,'Витязь в тигровой шкуре','978-5-389-14161-2','https://livelib.ru/book/1002753043-vityaz-v-tigrovoj-shkure-shota-rustaveli','added'),(151,'Отелло','978-5-8475-1063-9','https://livelib.ru/book/1002706494-otello-uilyam-shekspir','new'),(152,'Король Лир','978-5-8475-1062-2','https://livelib.ru/book/1002706531-korol-lir-uilyam-shekspir','new'),(153,'Сонеты','978-5-17-106508-9','https://livelib.ru/book/1002752447-sonety-shekspir-uilyam','new'),(154,'Дьявол и Господь Бог. Пьесы','978-5-17-106669-7','https://livelib.ru/book/1002729368-dyavol-i-gospod-bog-pesy-zhan-pol-sartr','new'),(155,'Новая венгерская драматургия','978-5-4448-0725-5','https://livelib.ru/book/1002731709-novaya-vengerskaya-dramaturgiya-antologiya','new'),(156,'Путешествие в Индию','978-5-17-105317-8','https://livelib.ru/book/1002750497-puteshestvie-v-indiyu-edvard-morgan-forster','new'),(157,'Короли океана','978-5-389-14092-9','https://livelib.ru/book/1002730425-koroli-okeana-gyustav-emar','new'),(158,'Пакс','978-5-91759-625-9','https://livelib.ru/book/1002712271-paks-sara-pennipaker','new'),(159,'Страна сказок. За гранью сказки','978-5-17-104352-0','https://livelib.ru/book/1002731347-strana-skazok-za-granyu-skazki-kris-kolfer','new'),(160,'Доклад о медузах','978-5-91759-666-2','https://livelib.ru/book/1002712241-doklad-o-meduzah-ali-bendzhamin','new'),(161,'Как курица лапой','978-5-91759-571-9','https://livelib.ru/book/1002712269-kak-kuritsa-lapoj-enn-fajn','new'),(162,'Фридрих Львиный Зев верхом на шмеле','978-5-91759-646-4','https://livelib.ru/book/1002712247-fridrih-lvinyj-zev-verhom-na-shmele-verena-rajnhardt','new'),(163,'Дерево желаний','978-5-386-10485-6','https://livelib.ru/book/1002742206-derevo-zhelanij-ketrin-epplgejt','new'),(164,'Невермур. Испытание Морриган Кроу','978-5-4366-0495-4','https://livelib.ru/book/1002758034-nevermur-ispytanie-morrigan-krou-dzhessika-taunsend','new'),(165,'Приключения Тома Сойера','978-5-00112-080-3','https://livelib.ru/book/1002680555-priklyucheniya-toma-sojera-mark-tven','new'),(166,'Тенистый лес. Сбежавший тролль','978-5-17-106493-8','https://livelib.ru/book/1002737155-tenistyj-les-sbezhavshij-troll-mett-hejg','new'),(167,'Робинзон Крузо','978-5-04-090845-5','https://livelib.ru/book/1002736211-robinzon-kruzo-daniel-defo','new'),(168,'Умеешь ли ты свистеть, Йоханна?','978-5-91759-664-8','https://livelib.ru/book/1002712270-umeesh-li-ty-svistet-johanna-ulf-ctark','new'),(169,'Светлячки','978-5-00117-279-6','https://livelib.ru/book/1002746881-svetlyachki-lorena-alvares','new'),(170,'Снежная королева','978-5-91761-791-6','https://livelib.ru/book/1002673488-snezhnaya-koroleva-gans-kristian-andersen','new'),(171,'Маленький принц','978-5-04-089839-8','https://livelib.ru/book/1002729202-malenkij-prints-antuan-de-sentekzyuperi','new'),(172,'И белые тени в лесу','978-5-00114-003-0','https://livelib.ru/book/1002749791-i-belye-teni-v-lesu-mariya-gripe','new'),(173,'Только не Айви Покет!','978-5-699-98166-3','https://livelib.ru/book/1002755756-tolko-ne-ajvi-poket-kaleb-krisp','new'),(174,'Мадемуазель Пти возвращается','978-5-389-12543-8','https://livelib.ru/book/1002730359-mademuazel-pti-vozvraschaetsya-lovisa-burfit-andrea-de-la-barr-de-nantjoj','new'),(175,'Звёздочка желаний','978-5-04-089608-0','https://livelib.ru/book/1002746402-zvjozdochka-zhelanij-dzhill-mjorfi','new'),(176,'Рождественская песнь в прозе. Святочный рассказ с привидениями','978-5-8475-1082-0','https://livelib.ru/book/1002722681-rozhdestvenskaya-pesn-v-proze-svyatochnyj-rasskaz-s-privideniyami-charlz-dikkens','new'),(177,'Кот в шляпе','978-5-389-13876-6','https://livelib.ru/book/1002743458-kot-v-shlyape-doktor-syuz','new'),(178,'Магнус Миллион и спальня кошмаров','978-5-00083-425-1','https://livelib.ru/book/1002751294-magnus-million-i-spalnya-koshmarov-zhanfilipp-arruvino','new'),(179,'Хождение по мукам','978-5-04-091041-0','https://livelib.ru/book/1002725110-hozhdenie-po-mukam-aleksej-tolstoj','new'),(180,'Голова профессора Доуэля','978-5-4335-0489-9','https://livelib.ru/book/1002713762-golova-professora-douelya-a-belyaev','new'),(181,'Альтист Данилов','978-5-17-106578-2','https://livelib.ru/book/1002729950-altist-danilov-vladimir-orlov','new'),(182,'Суер-Выер и много чего еще','978-5-389-14088-2','https://livelib.ru/book/1002753026-suervyer-i-mnogo-chego-esche-yurij-koval','new'),(183,'В списках не значился','978-5-17-106834-9','https://livelib.ru/book/1002758104-v-spiskah-ne-znachilsya-boris-vasilev','new'),(184,'Преступление и наказание','978-5-17-105906-4','https://livelib.ru/book/1002735598-prestuplenie-i-nakazanie-fedor-dostoevskij','new'),(185,'Капитанская дочка','978-5-8475-1058-5','https://livelib.ru/book/1002722684-kapitanskaya-dochka-aleksandr-pushkin','new'),(186,'Золотой теленок','978-5-17-098229-5','https://livelib.ru/book/1002752410-zolotoj-telenok-ilya-ilf-evgenij-petrov','new'),(187,'Дворянское гнездо','978-5-17-106060-2','https://livelib.ru/book/1002723118-dvoryanskoe-gnezdo-ivan-turgenev','new'),(188,'Олеся. Гранатовый браслет','978-5-8475-1065-3','https://livelib.ru/book/1002705493-olesya-granatovyj-braslet-aleksandr-kuprin','new'),(189,'Белые ночи. Неточка Незванова','978-5-17-106575-1','https://livelib.ru/book/1002734517-belye-nochi-netochka-nezvanova-f-m-dostoevskij','new'),(190,'Новогодние и другие зимние рассказы русских писателей (сборник)','978-5-91761-779-4','https://livelib.ru/book/1002622366-novogodnie-i-drugie-zimnie-rasskazy-russkih-pisatelej-sbornik-bez-avtora','new'),(191,'Первая любовь','978-5-00108-248-4','https://livelib.ru/book/1002723346-pervaya-lyubov-turgenev-ivan-sergeevich','new'),(192,'Старинные рождественские рассказы русских писателей','978-5-91761-773-2','https://livelib.ru/book/1002622371-starinnye-rozhdestvenskie-rasskazy-russkih-pisatelej-bez-avtora','new'),(193,'Обыкновенная история','978-5-04-090977-3','https://livelib.ru/book/1002736285-obyknovennaya-istoriya-ivan-goncharov','new'),(194,'Гранатовый браслет','978-5-00112-070-4','https://livelib.ru/book/1002680559-granatovyj-braslet-aleksandr-kuprin','new'),(195,'Чингиз-хан','978-5-4444-6415-1','https://livelib.ru/book/1002713312-chingizhan-yan-vasilij-grigorevich','new'),(196,'Драма на охоте. Дуэль','978-5-17-106059-6','https://livelib.ru/book/1002723120-drama-na-ohote-duel-anton-pavlovich-chehov','new'),(197,'Кавказский пленник','978-5-00108-239-2','https://livelib.ru/book/1002727625-kavkazskij-plennik-tolstoj-lev-nikolaevich','new'),(198,'Детство. Отрочество. Юность','978-5-9268-2705-4','https://livelib.ru/book/1002727180-detstvo-otrochestvo-yunost-tolstoj-lev-nikolaevich','new'),(199,'Басни','978-5-9268-2572-2','https://livelib.ru/book/1002727151-basni-ivan-andreevich-krylov','new'),(200,'Альпийская баллада (сборник)','978-5-4467-3037-7','https://livelib.ru/book/1002706487-alpijskaya-ballada-sbornik-vasil-bykov','new'),(201,'Батый','978-5-4444-6416-8','https://livelib.ru/book/1002713302-batyj-yan-vasilij-grigorevich','new'),(202,'Герой нашего времени','978-5-9268-2710-8','https://livelib.ru/book/1002753997-geroj-nashego-vremeni-mihail-lermontov','new'),(203,'Соборяне','978-5-4444-6555-4','https://livelib.ru/book/1002734522-soboryane-nikolaj-leskov','new'),(204,'Бедные люди. Белые ночи. Мальчик у Христа на елке','978-5-17-105917-0','https://livelib.ru/book/1002735602-bednye-lyudi-belye-nochi-malchik-u-hrista-na-elke-fedor-dostoevskij','new'),(205,'К \"последнему морю\"','978-5-4444-6417-5','https://livelib.ru/book/1002713313-k-poslednemu-moryu-yan-vasilij-grigorevich','new'),(206,'Московская сага. Книга 2. Война и тюрьма','978-5-389-13315-0','https://livelib.ru/book/1002744564-moskovskaya-saga-kniga-2-vojna-i-tyurma-vasilij-aksjonov','new'),(207,'Санин','978-5-389-14241-1','https://livelib.ru/book/1002753036-sanin-mihail-artsybashev','new'),(208,'Дальше жить','978-5-17-101641-8','https://livelib.ru/book/1002730324-dalshe-zhit-narine-abgaryan','new'),(209,'Жуки не плачут','978-5-91759-587-0','https://livelib.ru/book/1002712252-zhuki-ne-plachut-yuliya-yakovleva','new'),(210,'HHhH. Голову Гіммлера звуть Гайдріх','9789669421159','https://livelib.ru/book/1002732377-hhhh-golovu-gimmlera-zvut-gajdrih-loran-bine','new'),(211,'Пушки острова Наварон','978-5-906986-05-4','https://livelib.ru/book/1002739255-pushki-ostrova-navaron-alister-maklin','new'),(212,'До свидания там, наверху','978-5-389-14235-0','https://livelib.ru/book/1002753054-do-svidaniya-tam-naverhu-per-lemetr','new'),(213,'Зеленые цепочки. Тайная схватка. Тарантул','978-5-389-14398-2','https://livelib.ru/book/1002768630-zelenye-tsepochki-tajnaya-shvatka-tarantul-german-matveev','new');
/*!40000 ALTER TABLE `collection_books` ENABLE KEYS */;
UNLOCK TABLES;

--
-- Table structure for table `collection_reviews`
--

DROP TABLE IF EXISTS `collection_reviews`;
/*!40101 SET @saved_cs_client     = @@character_set_client */;
/*!40101 SET character_set_client = utf8 */;
CREATE TABLE `collection_reviews` (
  `id` int(11) NOT NULL AUTO_INCREMENT,
  `isbn` varchar(255) NOT NULL,
  `link` varchar(255) NOT NULL,
  `reviews_count` int(11) NOT NULL,
  `status` varchar(255) NOT NULL,
  PRIMARY KEY (`id`),
  UNIQUE KEY `isbn` (`isbn`)
) ENGINE=InnoDB AUTO_INCREMENT=3 DEFAULT CHARSET=utf8;
/*!40101 SET character_set_client = @saved_cs_client */;

--
-- Dumping data for table `collection_reviews`
--

LOCK TABLES `collection_reviews` WRITE;
/*!40000 ALTER TABLE `collection_reviews` DISABLE KEYS */;
INSERT INTO `collection_reviews` VALUES (1,'978-5-389-13265-8','https://www.livelib.ru/book/1002730403/reviews-zhenschina-v-okne-a-dzh-finn',10,'added'),(2,'978-5-17-103778-9','https://www.livelib.ru/book/1002730319/reviews-odin-iz-nas-lzhet-karen-m-makmanus',4,'new');
/*!40000 ALTER TABLE `collection_reviews` ENABLE KEYS */;
UNLOCK TABLES;

--
-- Table structure for table `genres`
--

DROP TABLE IF EXISTS `genres`;
/*!40101 SET @saved_cs_client     = @@character_set_client */;
/*!40101 SET character_set_client = utf8 */;
CREATE TABLE `genres` (
  `id` int(11) NOT NULL AUTO_INCREMENT,
  `name` varchar(255) NOT NULL,
  `link_livelib` varchar(255) NOT NULL,
  `link_litres` varchar(255) NOT NULL,
  PRIMARY KEY (`id`)
) ENGINE=InnoDB AUTO_INCREMENT=18 DEFAULT CHARSET=utf8;
/*!40101 SET character_set_client = @saved_cs_client */;

--
-- Dumping data for table `genres`
--

LOCK TABLES `genres` WRITE;
/*!40000 ALTER TABLE `genres` DISABLE KEYS */;
INSERT INTO `genres` VALUES (1,'Зарубежные детективы','https://www.livelib.ru/genre/Зарубежные-детективы','https://www.litres.ru/knigi-detektivy/zarubezhnye'),(2,'Современная зарубежная литература','https://www.livelib.ru/genre/Современная-зарубежная-литература','https://www.litres.ru/knigi-sovremennaya-proza/zarubezhnaya/'),(3,'Зарубежная классика','https://www.livelib.ru/genre/Зарубежная-классика','https://www.litres.ru/klassicheskaya-literatura/zarubezhnaya-klassika'),(4,'Зарубежная фантастика','https://www.livelib.ru/genre/Зарубежная-фантастика','https://www.litres.ru/knigi-fantastika/zarubezhnaya'),(5,'Зарубежное фэнтези','https://www.livelib.ru/genre/Зарубежное-фэнтези','https://www.litres.ru/knigi-fentezi/zarubezhnye'),(6,'Зарубежные любовные романы','https://www.livelib.ru/genre/Зарубежные-любовные-романы','https://www.litres.ru/knigi-lubovnye-romany/zarubezhnyye'),(7,'Зарубежная поэзия','https://www.livelib.ru/genre/Зарубежная-поэзия','https://www.litres.ru/knigi-poeziya-dramaturgiya/zarubezhnaya_poeziya'),(8,'Зарубежная драматургия','https://www.livelib.ru/genre/Зарубежная-драматургия','https://www.litres.ru/knigi-poeziya-dramaturgiya/zarubezhnaya-dramaturgiya'),(9,'Зарубежные приключения','https://www.livelib.ru/genre/Зарубежные-приключения','https://www.litres.ru/knigi-priklucheniya/zarubezhnye'),(10,'Зарубежные детские книги','https://www.livelib.ru/genre/Зарубежные-детские-книги','https://www.litres.ru/detskie-knigi/zarubezhnye'),(11,'Советская литература','https://www.livelib.ru/genre/Советская-литература','https://www.litres.ru/klassicheskaya-literatura/sovetskaya'),(12,'Русская классика','https://www.livelib.ru/genre/Русская-классика','https://www.litres.ru/klassicheskaya-literatura/russkaya'),(13,'Современная русская литература','https://www.livelib.ru/genre/Современная-русская-литература','https://www.litres.ru/knigi-sovremennaya-proza/russkaya-literatura'),(14,'Книги о войне','https://www.livelib.ru/genre/Книги-о-войне','https://www.litres.ru/knigi-sovremennaya-proza/knigi_o_voyne'),(15,'Мистика','https://www.livelib.ru/genre/Мистика','https://www.litres.ru/knigi-uzhasy-mistika-trillery/mistika'),(16,'Ужасы','https://www.livelib.ru/genre/Ужасы','https://www.litres.ru/knigi-uzhasy-mistika-trillery/uzhasy'),(17,'Вестерны','https://www.livelib.ru/genre/Вестерны','https://www.litres.ru/knigi-priklucheniya/vesterny');
/*!40000 ALTER TABLE `genres` ENABLE KEYS */;
UNLOCK TABLES;

--
-- Table structure for table `liked_books`
--

DROP TABLE IF EXISTS `liked_books`;
/*!40101 SET @saved_cs_client     = @@character_set_client */;
/*!40101 SET character_set_client = utf8 */;
CREATE TABLE `liked_books` (
  `id` int(11) NOT NULL AUTO_INCREMENT,
  `user_id` int(11) NOT NULL,
  `book_id` int(11) NOT NULL,
  `status` varchar(45) NOT NULL,
  PRIMARY KEY (`id`)
) ENGINE=InnoDB DEFAULT CHARSET=utf8;
/*!40101 SET character_set_client = @saved_cs_client */;

--
-- Dumping data for table `liked_books`
--

LOCK TABLES `liked_books` WRITE;
/*!40000 ALTER TABLE `liked_books` DISABLE KEYS */;
/*!40000 ALTER TABLE `liked_books` ENABLE KEYS */;
UNLOCK TABLES;

--
-- Table structure for table `notification_books`
--

DROP TABLE IF EXISTS `notification_books`;
/*!40101 SET @saved_cs_client     = @@character_set_client */;
/*!40101 SET character_set_client = utf8 */;
CREATE TABLE `notification_books` (
  `id` int(11) NOT NULL AUTO_INCREMENT,
  `user_id` int(11) NOT NULL,
  `book_id` int(11) NOT NULL,
  `review_id` int(11) NOT NULL,
  `reader_id` int(11) NOT NULL,
  `notification_id` int(11) NOT NULL,
  `user_choose` varchar(100) NOT NULL,
  PRIMARY KEY (`id`)
) ENGINE=InnoDB DEFAULT CHARSET=utf8;
/*!40101 SET character_set_client = @saved_cs_client */;

--
-- Dumping data for table `notification_books`
--

LOCK TABLES `notification_books` WRITE;
/*!40000 ALTER TABLE `notification_books` DISABLE KEYS */;
/*!40000 ALTER TABLE `notification_books` ENABLE KEYS */;
UNLOCK TABLES;

--
-- Table structure for table `notifications`
--

DROP TABLE IF EXISTS `notifications`;
/*!40101 SET @saved_cs_client     = @@character_set_client */;
/*!40101 SET character_set_client = utf8 */;
CREATE TABLE `notifications` (
  `id` int(11) NOT NULL AUTO_INCREMENT,
  `user_id` int(11) NOT NULL,
  `frequency` int(11) DEFAULT NULL,
  PRIMARY KEY (`id`)
) ENGINE=InnoDB DEFAULT CHARSET=utf8;
/*!40101 SET character_set_client = @saved_cs_client */;

--
-- Dumping data for table `notifications`
--

LOCK TABLES `notifications` WRITE;
/*!40000 ALTER TABLE `notifications` DISABLE KEYS */;
/*!40000 ALTER TABLE `notifications` ENABLE KEYS */;
UNLOCK TABLES;

--
-- Table structure for table `quotes`
--

DROP TABLE IF EXISTS `quotes`;
/*!40101 SET @saved_cs_client     = @@character_set_client */;
/*!40101 SET character_set_client = utf8 */;
CREATE TABLE `quotes` (
  `id` int(11) NOT NULL AUTO_INCREMENT,
  `content` text NOT NULL,
  `book_id` int(11) NOT NULL,
  PRIMARY KEY (`id`)
) ENGINE=InnoDB DEFAULT CHARSET=utf8;
/*!40101 SET character_set_client = @saved_cs_client */;

--
-- Dumping data for table `quotes`
--

LOCK TABLES `quotes` WRITE;
/*!40000 ALTER TABLE `quotes` DISABLE KEYS */;
/*!40000 ALTER TABLE `quotes` ENABLE KEYS */;
UNLOCK TABLES;

--
-- Table structure for table `read_books`
--

DROP TABLE IF EXISTS `read_books`;
/*!40101 SET @saved_cs_client     = @@character_set_client */;
/*!40101 SET character_set_client = utf8 */;
CREATE TABLE `read_books` (
  `id` int(11) NOT NULL AUTO_INCREMENT,
  `user_id` int(11) NOT NULL,
  `book_id` int(11) NOT NULL,
  `status` varchar(45) NOT NULL,
  PRIMARY KEY (`id`)
) ENGINE=InnoDB DEFAULT CHARSET=utf8;
/*!40101 SET character_set_client = @saved_cs_client */;

--
-- Dumping data for table `read_books`
--

LOCK TABLES `read_books` WRITE;
/*!40000 ALTER TABLE `read_books` DISABLE KEYS */;
/*!40000 ALTER TABLE `read_books` ENABLE KEYS */;
UNLOCK TABLES;

--
-- Table structure for table `readers`
--

DROP TABLE IF EXISTS `readers`;
/*!40101 SET @saved_cs_client     = @@character_set_client */;
/*!40101 SET character_set_client = utf8 */;
CREATE TABLE `readers` (
  `id` int(11) NOT NULL AUTO_INCREMENT,
  `username` varchar(255) NOT NULL,
  `fromsite` varchar(45) NOT NULL,
  `reviews_count` int(11) NOT NULL,
  `link` varchar(255) NOT NULL,
  PRIMARY KEY (`id`),
  UNIQUE KEY `link` (`link`)
) ENGINE=InnoDB AUTO_INCREMENT=14 DEFAULT CHARSET=utf8;
/*!40101 SET character_set_client = @saved_cs_client */;

--
-- Dumping data for table `readers`
--

LOCK TABLES `readers` WRITE;
/*!40000 ALTER TABLE `readers` DISABLE KEYS */;
INSERT INTO `readers` VALUES (1,'kat_dallas','livelib',752,'https://www.livelib.ru/reader/kat_dallas'),(2,'MashaProstokvasha','livelib',14,'https://www.livelib.ru/reader/MashaProstokvasha'),(3,'lustdevildoll','livelib',741,'https://www.livelib.ru/reader/lustdevildoll'),(4,'ortiga','livelib',178,'https://www.livelib.ru/reader/ortiga'),(5,'RobynChintz','livelib',164,'https://www.livelib.ru/reader/RobynChintz'),(6,'reader513142','livelib',87,'https://www.livelib.ru/reader/reader513142'),(7,'EmmaW','livelib',180,'https://www.livelib.ru/reader/EmmaW'),(8,'Idit_Rosenblum','livelib',13,'https://www.livelib.ru/reader/Idit_Rosenblum'),(9,'UllianaChase','livelib',44,'https://www.livelib.ru/reader/UllianaChase'),(10,'MarQue','livelib',109,'https://www.livelib.ru/reader/MarQue'),(11,'Bookwarm_Sonya','livelib',72,'https://www.livelib.ru/reader/Bookwarm_Sonya'),(12,'Juli-Yashka','livelib',213,'https://www.livelib.ru/reader/Juli-Yashka'),(13,'MaruskaSviridova','livelib',9,'https://www.livelib.ru/reader/MaruskaSviridova');
/*!40000 ALTER TABLE `readers` ENABLE KEYS */;
UNLOCK TABLES;

--
-- Table structure for table `recommended_books`
--

DROP TABLE IF EXISTS `recommended_books`;
/*!40101 SET @saved_cs_client     = @@character_set_client */;
/*!40101 SET character_set_client = utf8 */;
CREATE TABLE `recommended_books` (
  `id` int(11) NOT NULL AUTO_INCREMENT,
  `book_id` int(11) NOT NULL,
  `reader_id` int(11) NOT NULL,
  `review_id` int(11) NOT NULL,
  `user_id` int(11) NOT NULL,
  `user_choose` varchar(100) DEFAULT NULL,
  PRIMARY KEY (`id`)
) ENGINE=InnoDB DEFAULT CHARSET=utf8;
/*!40101 SET character_set_client = @saved_cs_client */;

--
-- Dumping data for table `recommended_books`
--

LOCK TABLES `recommended_books` WRITE;
/*!40000 ALTER TABLE `recommended_books` DISABLE KEYS */;
/*!40000 ALTER TABLE `recommended_books` ENABLE KEYS */;
UNLOCK TABLES;

--
-- Table structure for table `reviews`
--

DROP TABLE IF EXISTS `reviews`;
/*!40101 SET @saved_cs_client     = @@character_set_client */;
/*!40101 SET character_set_client = utf8 */;
CREATE TABLE `reviews` (
  `id` int(11) NOT NULL AUTO_INCREMENT,
  `book_id` int(20) NOT NULL,
  `reader_id` int(20) NOT NULL,
  `rate` varchar(10) DEFAULT NULL,
  PRIMARY KEY (`id`)
) ENGINE=InnoDB AUTO_INCREMENT=18 DEFAULT CHARSET=utf8;
/*!40101 SET character_set_client = @saved_cs_client */;

--
-- Dumping data for table `reviews`
--

LOCK TABLES `reviews` WRITE;
/*!40000 ALTER TABLE `reviews` DISABLE KEYS */;
INSERT INTO `reviews` VALUES (1,1,1,'0 '),(2,1,2,'2 '),(3,1,3,'4.5 '),(4,1,1,'0 '),(5,1,2,'2 '),(6,1,2,'2 '),(7,1,2,'2 '),(8,1,4,'4'),(9,1,5,'3 '),(10,1,6,'3 '),(11,1,7,'3.5 '),(12,1,8,'5 '),(13,2,9,'4'),(14,2,10,'3.5 '),(15,2,11,'4 '),(16,2,12,'4 '),(17,2,13,'5 ');
/*!40000 ALTER TABLE `reviews` ENABLE KEYS */;
UNLOCK TABLES;

--
-- Table structure for table `users`
--

DROP TABLE IF EXISTS `users`;
/*!40101 SET @saved_cs_client     = @@character_set_client */;
/*!40101 SET character_set_client = utf8 */;
CREATE TABLE `users` (
  `id` int(11) NOT NULL AUTO_INCREMENT,
  `username` varchar(255) NOT NULL,
  `telegram_id` int(20) NOT NULL,
  PRIMARY KEY (`id`)
) ENGINE=InnoDB DEFAULT CHARSET=utf8;
/*!40101 SET character_set_client = @saved_cs_client */;

--
-- Dumping data for table `users`
--

LOCK TABLES `users` WRITE;
/*!40000 ALTER TABLE `users` DISABLE KEYS */;
/*!40000 ALTER TABLE `users` ENABLE KEYS */;
UNLOCK TABLES;
/*!40103 SET TIME_ZONE=@OLD_TIME_ZONE */;

/*!40101 SET SQL_MODE=@OLD_SQL_MODE */;
/*!40014 SET FOREIGN_KEY_CHECKS=@OLD_FOREIGN_KEY_CHECKS */;
/*!40014 SET UNIQUE_CHECKS=@OLD_UNIQUE_CHECKS */;
/*!40101 SET CHARACTER_SET_CLIENT=@OLD_CHARACTER_SET_CLIENT */;
/*!40101 SET CHARACTER_SET_RESULTS=@OLD_CHARACTER_SET_RESULTS */;
/*!40101 SET COLLATION_CONNECTION=@OLD_COLLATION_CONNECTION */;
/*!40111 SET SQL_NOTES=@OLD_SQL_NOTES */;

-- Dump completed on 2018-03-01 19:00:58
